schedule_index,episode_id,partition,layout_id,planner,profile_id
1,holdout__holdout_20__tr__tau_w_300,holdout,holdout_20,tr,tau_w_300
2,discovery__discovery_01__tr__tau_x_300,discovery,discovery_01,tr,tau_x_300
3,discovery__discovery_09__tr__tau_y_150,discovery,discovery_09,tr,tau_y_150
4,holdout__holdout_07__teb__delay_050,holdout,holdout_07,teb,delay_050
5,holdout__holdout_15__tr__tau_w_100,holdout,holdout_15,tr,tau_w_100
6,discovery__discovery_17__tr__tau_y_150,discovery,discovery_17,tr,tau_y_150
7,discovery__discovery_02__teb__tau_x_300,discovery,discovery_02,teb,tau_x_300
8,holdout__holdout_05__tr__tau_w_100,holdout,holdout_05,tr,tau_w_100
9,holdout__holdout_19__tr__delay_200,holdout,holdout_19,tr,delay_200
10,discovery__discovery_20__tr__tau_x_300,discovery,discovery_20,tr,tau_x_300
11,holdout__holdout_02__tr__delay_100,holdout,holdout_02,tr,delay_100
12,holdout__holdout_08__teb__tau_w_300,holdout,holdout_08,teb,tau_w_300
13,discovery__discovery_07__teb__tau_y_300,discovery,discovery_07,teb,tau_y_300
14,discovery__discovery_19__tr__tau_y_500,discovery,discovery_19,tr,tau_y_500
15,discovery__discovery_19__tr__tau_w_300,discovery,discovery_19,tr,tau_w_300
16,holdout__holdout_01__tr__delay_050,holdout,holdout_01,tr,delay_050
17,discovery__discovery_11__tr__e0,discovery,discovery_11,tr,e0
18,holdout__holdout_17__teb__delay_200,holdout,holdout_17,teb,delay_200
19,discovery__discovery_14__teb__tau_y_300,discovery,discovery_14,teb,tau_y_300
20,discovery__discovery_08__tr__delay_100,discovery,discovery_08,tr,delay_100
21,discovery__discovery_11__tr__delay_050,discovery,discovery_11,tr,delay_050
22,discovery__discovery_16__teb__tau_y_300,discovery,discovery_16,teb,tau_y_300
23,discovery__discovery_20__tr__tau_x_100,discovery,discovery_20,tr,tau_x_100
24,holdout__holdout_12__teb__tau_w_300,holdout,holdout_12,teb,tau_w_300
25,discovery__discovery_06__teb__tau_x_300,discovery,discovery_06,teb,tau_x_300
26,discovery__discovery_12__tr__delay_100,discovery,discovery_12,tr,delay_100
27,holdout__holdout_13__teb__e0,holdout,holdout_13,teb,e0
28,holdout__holdout_12__teb__tau_y_500,holdout,holdout_12,teb,tau_y_500
29,holdout__holdout_03__teb__e0,holdout,holdout_03,teb,e0
30,holdout__holdout_08__teb__delay_200,holdout,holdout_08,teb,delay_200
31,discovery__discovery_02__teb__delay_100,discovery,discovery_02,teb,delay_100
32,discovery__discovery_05__teb__tau_x_300,discovery,discovery_05,teb,tau_x_300
33,holdout__holdout_06__tr__delay_100,holdout,holdout_06,tr,delay_100
34,discovery__discovery_14__teb__e0,discovery,discovery_14,teb,e0
35,holdout__holdout_14__tr__tau_y_500,holdout,holdout_14,tr,tau_y_500
36,holdout__holdout_20__tr__tau_x_300,holdout,holdout_20,tr,tau_x_300
37,holdout__holdout_04__tr__delay_100,holdout,holdout_04,tr,delay_100
38,discovery__discovery_12__tr__tau_y_300,discovery,discovery_12,tr,tau_y_300
39,discovery__discovery_02__tr__delay_050,discovery,discovery_02,tr,delay_050
40,discovery__discovery_10__teb__tau_w_300,discovery,discovery_10,teb,tau_w_300
41,discovery__discovery_12__tr__tau_w_100,discovery,discovery_12,tr,tau_w_100
42,discovery__discovery_20__tr__tau_y_500,discovery,discovery_20,tr,tau_y_500
43,discovery__discovery_19__teb__tau_y_300,discovery,discovery_19,teb,tau_y_300
44,discovery__discovery_07__tr__tau_y_150,discovery,discovery_07,tr,tau_y_150
45,holdout__holdout_11__teb__tau_w_100,holdout,holdout_11,teb,tau_w_100
46,holdout__holdout_02__teb__tau_w_300,holdout,holdout_02,teb,tau_w_300
47,holdout__holdout_03__teb__tau_y_150,holdout,holdout_03,teb,tau_y_150
48,holdout__holdout_10__tr__delay_100,holdout,holdout_10,tr,delay_100
49,holdout__holdout_12__tr__tau_w_300,holdout,holdout_12,tr,tau_w_300
50,discovery__discovery_16__tr__delay_200,discovery,discovery_16,tr,delay_200
51,discovery__discovery_09__teb__tau_y_500,discovery,discovery_09,teb,tau_y_500
52,holdout__holdout_04__teb__tau_w_100,holdout,holdout_04,teb,tau_w_100
53,discovery__discovery_19__tr__tau_x_300,discovery,discovery_19,tr,tau_x_300
54,discovery__discovery_05__tr__tau_y_500,discovery,discovery_05,tr,tau_y_500
55,discovery__discovery_17__teb__tau_y_300,discovery,discovery_17,teb,tau_y_300
56,discovery__discovery_05__teb__tau_w_100,discovery,discovery_05,teb,tau_w_100
57,discovery__discovery_03__tr__tau_y_500,discovery,discovery_03,tr,tau_y_500
58,holdout__holdout_19__teb__delay_100,holdout,holdout_19,teb,delay_100
59,discovery__discovery_12__teb__delay_050,discovery,discovery_12,teb,delay_050
60,discovery__discovery_07__teb__tau_y_500,discovery,discovery_07,teb,tau_y_500
61,holdout__holdout_11__tr__tau_x_100,holdout,holdout_11,tr,tau_x_100
62,discovery__discovery_06__tr__tau_w_100,discovery,discovery_06,tr,tau_w_100
63,discovery__discovery_03__tr__tau_y_300,discovery,discovery_03,tr,tau_y_300
64,holdout__holdout_17__tr__tau_w_300,holdout,holdout_17,tr,tau_w_300
65,discovery__discovery_06__tr__tau_y_300,discovery,discovery_06,tr,tau_y_300
66,holdout__holdout_05__tr__tau_y_150,holdout,holdout_05,tr,tau_y_150
67,discovery__discovery_16__tr__tau_x_300,discovery,discovery_16,tr,tau_x_300
68,discovery__discovery_15__teb__delay_050,discovery,discovery_15,teb,delay_050
69,holdout__holdout_11__tr__tau_y_500,holdout,holdout_11,tr,tau_y_500
70,discovery__discovery_06__teb__tau_y_150,discovery,discovery_06,teb,tau_y_150
71,discovery__discovery_16__teb__delay_050,discovery,discovery_16,teb,delay_050
72,holdout__holdout_02__teb__tau_w_100,holdout,holdout_02,teb,tau_w_100
73,holdout__holdout_17__teb__e0,holdout,holdout_17,teb,e0
74,discovery__discovery_13__teb__tau_y_500,discovery,discovery_13,teb,tau_y_500
75,holdout__holdout_04__tr__tau_x_300,holdout,holdout_04,tr,tau_x_300
76,holdout__holdout_20__tr__tau_y_500,holdout,holdout_20,tr,tau_y_500
77,holdout__holdout_14__teb__tau_w_300,holdout,holdout_14,teb,tau_w_300
78,holdout__holdout_17__tr__e0,holdout,holdout_17,tr,e0
79,discovery__discovery_02__teb__tau_x_100,discovery,discovery_02,teb,tau_x_100
80,discovery__discovery_13__tr__delay_100,discovery,discovery_13,tr,delay_100
81,discovery__discovery_03__teb__delay_050,discovery,discovery_03,teb,delay_050
82,holdout__holdout_05__teb__tau_w_300,holdout,holdout_05,teb,tau_w_300
83,holdout__holdout_15__teb__delay_200,holdout,holdout_15,teb,delay_200
84,discovery__discovery_05__teb__tau_y_300,discovery,discovery_05,teb,tau_y_300
85,discovery__discovery_16__tr__tau_y_300,discovery,discovery_16,tr,tau_y_300
86,holdout__holdout_05__teb__tau_y_150,holdout,holdout_05,teb,tau_y_150
87,discovery__discovery_17__teb__tau_y_500,discovery,discovery_17,teb,tau_y_500
88,discovery__discovery_09__tr__e0,discovery,discovery_09,tr,e0
89,discovery__discovery_05__teb__delay_050,discovery,discovery_05,teb,delay_050
90,holdout__holdout_04__teb__delay_050,holdout,holdout_04,teb,delay_050
91,discovery__discovery_14__teb__tau_w_300,discovery,discovery_14,teb,tau_w_300
92,discovery__discovery_15__teb__tau_w_300,discovery,discovery_15,teb,tau_w_300
93,holdout__holdout_01__tr__tau_x_300,holdout,holdout_01,tr,tau_x_300
94,discovery__discovery_04__teb__delay_100,discovery,discovery_04,teb,delay_100
95,discovery__discovery_11__teb__e0,discovery,discovery_11,teb,e0
96,holdout__holdout_10__teb__tau_y_300,holdout,holdout_10,teb,tau_y_300
97,holdout__holdout_01__teb__tau_x_300,holdout,holdout_01,teb,tau_x_300
98,discovery__discovery_06__teb__delay_200,discovery,discovery_06,teb,delay_200
99,discovery__discovery_14__tr__tau_w_300,discovery,discovery_14,tr,tau_w_300
100,discovery__discovery_20__teb__delay_100,discovery,discovery_20,teb,delay_100
101,holdout__holdout_18__tr__tau_x_100,holdout,holdout_18,tr,tau_x_100
102,discovery__discovery_13__teb__tau_x_100,discovery,discovery_13,teb,tau_x_100
103,holdout__holdout_17__teb__tau_w_100,holdout,holdout_17,teb,tau_w_100
104,discovery__discovery_06__tr__tau_y_500,discovery,discovery_06,tr,tau_y_500
105,holdout__holdout_01__teb__tau_y_500,holdout,holdout_01,teb,tau_y_500
106,discovery__discovery_17__tr__tau_x_300,discovery,discovery_17,tr,tau_x_300
107,discovery__discovery_17__tr__delay_050,discovery,discovery_17,tr,delay_050
108,discovery__discovery_15__teb__tau_y_300,discovery,discovery_15,teb,tau_y_300
109,holdout__holdout_08__teb__tau_x_100,holdout,holdout_08,teb,tau_x_100
110,discovery__discovery_05__tr__delay_050,discovery,discovery_05,tr,delay_050
111,holdout__holdout_05__teb__e0,holdout,holdout_05,teb,e0
112,holdout__holdout_01__tr__delay_200,holdout,holdout_01,tr,delay_200
113,discovery__discovery_14__teb__tau_x_100,discovery,discovery_14,teb,tau_x_100
114,discovery__discovery_16__tr__tau_y_500,discovery,discovery_16,tr,tau_y_500
115,holdout__holdout_10__tr__delay_200,holdout,holdout_10,tr,delay_200
116,discovery__discovery_04__teb__delay_050,discovery,discovery_04,teb,delay_050
117,discovery__discovery_18__tr__tau_y_150,discovery,discovery_18,tr,tau_y_150
118,discovery__discovery_05__tr__tau_x_300,discovery,discovery_05,tr,tau_x_300
119,discovery__discovery_07__teb__delay_200,discovery,discovery_07,teb,delay_200
120,holdout__holdout_08__tr__tau_x_300,holdout,holdout_08,tr,tau_x_300
121,holdout__holdout_04__teb__tau_x_100,holdout,holdout_04,teb,tau_x_100
122,holdout__holdout_14__teb__e0,holdout,holdout_14,teb,e0
123,discovery__discovery_03__tr__tau_x_100,discovery,discovery_03,tr,tau_x_100
124,discovery__discovery_03__teb__tau_y_300,discovery,discovery_03,teb,tau_y_300
125,holdout__holdout_16__teb__tau_w_300,holdout,holdout_16,teb,tau_w_300
126,discovery__discovery_04__tr__e0,discovery,discovery_04,tr,e0
127,holdout__holdout_11__tr__tau_w_100,holdout,holdout_11,tr,tau_w_100
128,holdout__holdout_16__teb__delay_100,holdout,holdout_16,teb,delay_100
129,discovery__discovery_17__tr__e0,discovery,discovery_17,tr,e0
130,discovery__discovery_04__teb__tau_x_300,discovery,discovery_04,teb,tau_x_300
131,discovery__discovery_04__teb__e0,discovery,discovery_04,teb,e0
132,holdout__holdout_18__teb__tau_w_300,holdout,holdout_18,teb,tau_w_300
133,holdout__holdout_15__tr__e0,holdout,holdout_15,tr,e0
134,discovery__discovery_03__teb__tau_x_300,discovery,discovery_03,teb,tau_x_300
135,holdout__holdout_05__teb__tau_y_500,holdout,holdout_05,teb,tau_y_500
136,holdout__holdout_08__tr__e0,holdout,holdout_08,tr,e0
137,holdout__holdout_19__tr__delay_100,holdout,holdout_19,tr,delay_100
138,holdout__holdout_05__teb__delay_050,holdout,holdout_05,teb,delay_050
139,holdout__holdout_05__tr__e0,holdout,holdout_05,tr,e0
140,holdout__holdout_06__teb__tau_y_150,holdout,holdout_06,teb,tau_y_150
141,discovery__discovery_07__teb__tau_x_100,discovery,discovery_07,teb,tau_x_100
142,discovery__discovery_15__tr__tau_y_150,discovery,discovery_15,tr,tau_y_150
143,discovery__discovery_15__tr__delay_200,discovery,discovery_15,tr,delay_200
144,discovery__discovery_01__tr__delay_100,discovery,discovery_01,tr,delay_100
145,discovery__discovery_05__tr__tau_y_300,discovery,discovery_05,tr,tau_y_300
146,discovery__discovery_06__tr__tau_y_150,discovery,discovery_06,tr,tau_y_150
147,discovery__discovery_12__tr__tau_y_150,discovery,discovery_12,tr,tau_y_150
148,discovery__discovery_01__tr__tau_y_150,discovery,discovery_01,tr,tau_y_150
149,holdout__holdout_09__teb__tau_y_300,holdout,holdout_09,teb,tau_y_300
150,discovery__discovery_13__teb__tau_w_100,discovery,discovery_13,teb,tau_w_100
151,discovery__discovery_01__tr__tau_w_300,discovery,discovery_01,tr,tau_w_300
152,holdout__holdout_15__teb__delay_050,holdout,holdout_15,teb,delay_050
153,holdout__holdout_03__teb__tau_x_300,holdout,holdout_03,teb,tau_x_300
154,discovery__discovery_03__tr__delay_200,discovery,discovery_03,tr,delay_200
155,holdout__holdout_12__tr__tau_y_300,holdout,holdout_12,tr,tau_y_300
156,discovery__discovery_16__teb__tau_x_100,discovery,discovery_16,teb,tau_x_100
157,discovery__discovery_11__tr__tau_x_300,discovery,discovery_11,tr,tau_x_300
158,holdout__holdout_20__tr__tau_y_300,holdout,holdout_20,tr,tau_y_300
159,holdout__holdout_01__teb__delay_100,holdout,holdout_01,teb,delay_100
160,discovery__discovery_16__teb__tau_x_300,discovery,discovery_16,teb,tau_x_300
161,discovery__discovery_10__teb__tau_y_150,discovery,discovery_10,teb,tau_y_150
162,holdout__holdout_14__tr__tau_y_150,holdout,holdout_14,tr,tau_y_150
163,holdout__holdout_12__teb__tau_y_150,holdout,holdout_12,teb,tau_y_150
164,discovery__discovery_07__tr__tau_y_300,discovery,discovery_07,tr,tau_y_300
165,holdout__holdout_20__teb__tau_y_150,holdout,holdout_20,teb,tau_y_150
166,holdout__holdout_02__tr__tau_y_500,holdout,holdout_02,tr,tau_y_500
167,discovery__discovery_20__teb__delay_200,discovery,discovery_20,teb,delay_200
168,discovery__discovery_12__teb__tau_w_100,discovery,discovery_12,teb,tau_w_100
169,discovery__discovery_17__tr__tau_w_100,discovery,discovery_17,tr,tau_w_100
170,discovery__discovery_16__tr__tau_x_100,discovery,discovery_16,tr,tau_x_100
171,holdout__holdout_18__tr__tau_w_300,holdout,holdout_18,tr,tau_w_300
172,holdout__holdout_05__tr__tau_x_300,holdout,holdout_05,tr,tau_x_300
173,holdout__holdout_11__teb__tau_w_300,holdout,holdout_11,teb,tau_w_300
174,holdout__holdout_07__teb__tau_y_150,holdout,holdout_07,teb,tau_y_150
175,discovery__discovery_20__teb__tau_w_100,discovery,discovery_20,teb,tau_w_100
176,holdout__holdout_18__tr__delay_100,holdout,holdout_18,tr,delay_100
177,discovery__discovery_18__tr__delay_050,discovery,discovery_18,tr,delay_050
178,discovery__discovery_17__tr__tau_y_300,discovery,discovery_17,tr,tau_y_300
179,holdout__holdout_08__teb__e0,holdout,holdout_08,teb,e0
180,discovery__discovery_04__tr__delay_100,discovery,discovery_04,tr,delay_100
181,discovery__discovery_06__teb__tau_y_300,discovery,discovery_06,teb,tau_y_300
182,discovery__discovery_13__teb__delay_200,discovery,discovery_13,teb,delay_200
183,discovery__discovery_17__teb__tau_x_100,discovery,discovery_17,teb,tau_x_100
184,holdout__holdout_12__teb__e0,holdout,holdout_12,teb,e0
185,discovery__discovery_06__tr__e0,discovery,discovery_06,tr,e0
186,discovery__discovery_12__teb__tau_w_300,discovery,discovery_12,teb,tau_w_300
187,holdout__holdout_18__tr__tau_y_300,holdout,holdout_18,tr,tau_y_300
188,discovery__discovery_06__teb__tau_w_300,discovery,discovery_06,teb,tau_w_300
189,holdout__holdout_16__teb__tau_x_300,holdout,holdout_16,teb,tau_x_300
190,holdout__holdout_08__teb__delay_100,holdout,holdout_08,teb,delay_100
191,holdout__holdout_08__tr__tau_w_100,holdout,holdout_08,tr,tau_w_100
192,discovery__discovery_13__teb__delay_050,discovery,discovery_13,teb,delay_050
193,discovery__discovery_19__tr__delay_200,discovery,discovery_19,tr,delay_200
194,holdout__holdout_07__tr__delay_200,holdout,holdout_07,tr,delay_200
195,holdout__holdout_13__teb__tau_y_150,holdout,holdout_13,teb,tau_y_150
196,holdout__holdout_15__teb__tau_w_300,holdout,holdout_15,teb,tau_w_300
197,holdout__holdout_04__teb__delay_200,holdout,holdout_04,teb,delay_200
198,discovery__discovery_08__teb__tau_y_500,discovery,discovery_08,teb,tau_y_500
199,holdout__holdout_02__tr__tau_x_100,holdout,holdout_02,tr,tau_x_100
200,holdout__holdout_09__teb__tau_x_300,holdout,holdout_09,teb,tau_x_300
201,discovery__discovery_07__tr__tau_x_100,discovery,discovery_07,tr,tau_x_100
202,discovery__discovery_20__tr__e0,discovery,discovery_20,tr,e0
203,discovery__discovery_19__teb__delay_200,discovery,discovery_19,teb,delay_200
204,discovery__discovery_18__tr__tau_y_300,discovery,discovery_18,tr,tau_y_300
205,holdout__holdout_10__teb__tau_w_300,holdout,holdout_10,teb,tau_w_300
206,discovery__discovery_02__tr__tau_x_300,discovery,discovery_02,tr,tau_x_300
207,holdout__holdout_18__teb__tau_y_150,holdout,holdout_18,teb,tau_y_150
208,discovery__discovery_04__teb__tau_y_150,discovery,discovery_04,teb,tau_y_150
209,holdout__holdout_01__teb__tau_w_300,holdout,holdout_01,teb,tau_w_300
210,holdout__holdout_08__tr__tau_y_500,holdout,holdout_08,tr,tau_y_500
211,holdout__holdout_13__teb__tau_y_500,holdout,holdout_13,teb,tau_y_500
212,discovery__discovery_18__teb__tau_y_150,discovery,discovery_18,teb,tau_y_150
213,discovery__discovery_15__teb__tau_y_500,discovery,discovery_15,teb,tau_y_500
214,discovery__discovery_13__tr__tau_w_100,discovery,discovery_13,tr,tau_w_100
215,discovery__discovery_07__tr__delay_050,discovery,discovery_07,tr,delay_050
216,discovery__discovery_11__teb__delay_050,discovery,discovery_11,teb,delay_050
217,discovery__discovery_17__teb__tau_w_300,discovery,discovery_17,teb,tau_w_300
218,holdout__holdout_09__teb__tau_x_100,holdout,holdout_09,teb,tau_x_100
219,holdout__holdout_19__tr__tau_w_100,holdout,holdout_19,tr,tau_w_100
220,holdout__holdout_13__teb__tau_x_100,holdout,holdout_13,teb,tau_x_100
221,discovery__discovery_08__tr__tau_x_300,discovery,discovery_08,tr,tau_x_300
222,discovery__discovery_04__tr__tau_x_100,discovery,discovery_04,tr,tau_x_100
223,discovery__discovery_19__tr__delay_050,discovery,discovery_19,tr,delay_050
224,holdout__holdout_04__teb__tau_y_150,holdout,holdout_04,teb,tau_y_150
225,discovery__discovery_10__tr__tau_w_300,discovery,discovery_10,tr,tau_w_300
226,holdout__holdout_06__tr__tau_y_150,holdout,holdout_06,tr,tau_y_150
227,discovery__discovery_18__teb__tau_x_300,discovery,discovery_18,teb,tau_x_300
228,discovery__discovery_13__tr__tau_y_150,discovery,discovery_13,tr,tau_y_150
229,holdout__holdout_08__tr__tau_y_150,holdout,holdout_08,tr,tau_y_150
230,discovery__discovery_10__tr__tau_y_300,discovery,discovery_10,tr,tau_y_300
231,holdout__holdout_19__teb__e0,holdout,holdout_19,teb,e0
232,holdout__holdout_16__tr__tau_x_300,holdout,holdout_16,tr,tau_x_300
233,discovery__discovery_18__tr__delay_200,discovery,discovery_18,tr,delay_200
234,discovery__discovery_13__teb__tau_x_300,discovery,discovery_13,teb,tau_x_300
235,holdout__holdout_06__teb__tau_y_300,holdout,holdout_06,teb,tau_y_300
236,holdout__holdout_15__tr__delay_100,holdout,holdout_15,tr,delay_100
237,discovery__discovery_20__teb__tau_y_300,discovery,discovery_20,teb,tau_y_300
238,holdout__holdout_11__tr__tau_x_300,holdout,holdout_11,tr,tau_x_300
239,holdout__holdout_11__teb__tau_y_300,holdout,holdout_11,teb,tau_y_300
240,holdout__holdout_14__tr__tau_y_300,holdout,holdout_14,tr,tau_y_300
241,holdout__holdout_17__teb__tau_w_300,holdout,holdout_17,teb,tau_w_300
242,holdout__holdout_03__tr__tau_w_100,holdout,holdout_03,tr,tau_w_100
243,discovery__discovery_16__teb__tau_w_100,discovery,discovery_16,teb,tau_w_100
244,holdout__holdout_17__tr__tau_y_300,holdout,holdout_17,tr,tau_y_300
245,holdout__holdout_15__teb__tau_x_100,holdout,holdout_15,teb,tau_x_100
246,discovery__discovery_19__tr__delay_100,discovery,discovery_19,tr,delay_100
247,holdout__holdout_14__tr__e0,holdout,holdout_14,tr,e0
248,discovery__discovery_19__teb__tau_x_100,discovery,discovery_19,teb,tau_x_100
249,discovery__discovery_16__teb__delay_100,discovery,discovery_16,teb,delay_100
250,holdout__holdout_15__tr__delay_050,holdout,holdout_15,tr,delay_050
251,holdout__holdout_17__tr__tau_y_150,holdout,holdout_17,tr,tau_y_150
252,holdout__holdout_05__tr__delay_100,holdout,holdout_05,tr,delay_100
253,discovery__discovery_18__tr__tau_y_500,discovery,discovery_18,tr,tau_y_500
254,holdout__holdout_17__teb__tau_x_300,holdout,holdout_17,teb,tau_x_300
255,discovery__discovery_01__teb__tau_w_100,discovery,discovery_01,teb,tau_w_100
256,discovery__discovery_18__teb__delay_050,discovery,discovery_18,teb,delay_050
257,discovery__discovery_07__tr__tau_w_100,discovery,discovery_07,tr,tau_w_100
258,discovery__discovery_04__teb__tau_x_100,discovery,discovery_04,teb,tau_x_100
259,discovery__discovery_11__tr__delay_100,discovery,discovery_11,tr,delay_100
260,holdout__holdout_16__teb__tau_x_100,holdout,holdout_16,teb,tau_x_100
261,discovery__discovery_03__teb__delay_100,discovery,discovery_03,teb,delay_100
262,discovery__discovery_02__tr__tau_y_500,discovery,discovery_02,tr,tau_y_500
263,holdout__holdout_18__teb__e0,holdout,holdout_18,teb,e0
264,discovery__discovery_18__tr__tau_w_300,discovery,discovery_18,tr,tau_w_300
265,discovery__discovery_07__tr__delay_200,discovery,discovery_07,tr,delay_200
266,discovery__discovery_03__teb__tau_w_100,discovery,discovery_03,teb,tau_w_100
267,discovery__discovery_05__teb__delay_200,discovery,discovery_05,teb,delay_200
268,discovery__discovery_08__tr__delay_050,discovery,discovery_08,tr,delay_050
269,discovery__discovery_11__teb__delay_100,discovery,discovery_11,teb,delay_100
270,discovery__discovery_08__teb__delay_200,discovery,discovery_08,teb,delay_200
271,holdout__holdout_14__tr__delay_050,holdout,holdout_14,tr,delay_050
272,holdout__holdout_07__teb__delay_100,holdout,holdout_07,teb,delay_100
273,discovery__discovery_17__teb__tau_w_100,discovery,discovery_17,teb,tau_w_100
274,holdout__holdout_07__tr__tau_x_100,holdout,holdout_07,tr,tau_x_100
275,discovery__discovery_14__teb__delay_050,discovery,discovery_14,teb,delay_050
276,holdout__holdout_17__tr__tau_w_100,holdout,holdout_17,tr,tau_w_100
277,discovery__discovery_06__teb__e0,discovery,discovery_06,teb,e0
278,discovery__discovery_09__tr__tau_x_100,discovery,discovery_09,tr,tau_x_100
279,holdout__holdout_10__tr__tau_y_300,holdout,holdout_10,tr,tau_y_300
280,discovery__discovery_15__tr__tau_y_300,discovery,discovery_15,tr,tau_y_300
281,discovery__discovery_16__tr__delay_100,discovery,discovery_16,tr,delay_100
282,holdout__holdout_08__tr__tau_w_300,holdout,holdout_08,tr,tau_w_300
283,discovery__discovery_05__teb__tau_y_150,discovery,discovery_05,teb,tau_y_150
284,holdout__holdout_03__tr__delay_200,holdout,holdout_03,tr,delay_200
285,discovery__discovery_05__tr__e0,discovery,discovery_05,tr,e0
286,discovery__discovery_07__teb__delay_050,discovery,discovery_07,teb,delay_050
287,discovery__discovery_08__teb__tau_x_300,discovery,discovery_08,teb,tau_x_300
288,holdout__holdout_09__tr__tau_y_500,holdout,holdout_09,tr,tau_y_500
289,holdout__holdout_11__tr__tau_y_150,holdout,holdout_11,tr,tau_y_150
290,discovery__discovery_20__tr__tau_y_300,discovery,discovery_20,tr,tau_y_300
291,holdout__holdout_04__tr__tau_x_100,holdout,holdout_04,tr,tau_x_100
292,discovery__discovery_10__teb__tau_w_100,discovery,discovery_10,teb,tau_w_100
293,discovery__discovery_18__tr__tau_x_100,discovery,discovery_18,tr,tau_x_100
294,discovery__discovery_09__teb__delay_200,discovery,discovery_09,teb,delay_200
295,holdout__holdout_15__teb__e0,holdout,holdout_15,teb,e0
296,discovery__discovery_08__teb__tau_y_300,discovery,discovery_08,teb,tau_y_300
297,discovery__discovery_05__teb__tau_x_100,discovery,discovery_05,teb,tau_x_100
298,discovery__discovery_15__tr__delay_050,discovery,discovery_15,tr,delay_050
299,holdout__holdout_12__tr__tau_x_300,holdout,holdout_12,tr,tau_x_300
300,holdout__holdout_11__tr__delay_100,holdout,holdout_11,tr,delay_100
301,discovery__discovery_02__tr__tau_x_100,discovery,discovery_02,tr,tau_x_100
302,holdout__holdout_06__teb__tau_x_100,holdout,holdout_06,teb,tau_x_100
303,discovery__discovery_04__teb__tau_y_300,discovery,discovery_04,teb,tau_y_300
304,discovery__discovery_15__tr__tau_x_300,discovery,discovery_15,tr,tau_x_300
305,holdout__holdout_03__teb__tau_w_300,holdout,holdout_03,teb,tau_w_300
306,holdout__holdout_01__teb__delay_200,holdout,holdout_01,teb,delay_200
307,discovery__discovery_12__teb__tau_x_100,discovery,discovery_12,teb,tau_x_100
308,discovery__discovery_19__teb__delay_050,discovery,discovery_19,teb,delay_050
309,holdout__holdout_04__teb__tau_x_300,holdout,holdout_04,teb,tau_x_300
310,holdout__holdout_13__tr__e0,holdout,holdout_13,tr,e0
311,discovery__discovery_20__tr__delay_050,discovery,discovery_20,tr,delay_050
312,discovery__discovery_06__teb__delay_050,discovery,discovery_06,teb,delay_050
313,discovery__discovery_05__tr__tau_x_100,discovery,discovery_05,tr,tau_x_100
314,holdout__holdout_14__teb__tau_y_500,holdout,holdout_14,teb,tau_y_500
315,discovery__discovery_12__tr__delay_200,discovery,discovery_12,tr,delay_200
316,discovery__discovery_14__teb__tau_y_150,discovery,discovery_14,teb,tau_y_150
317,holdout__holdout_17__tr__delay_200,holdout,holdout_17,tr,delay_200
318,holdout__holdout_19__teb__tau_w_100,holdout,holdout_19,teb,tau_w_100
319,holdout__holdout_04__tr__tau_w_300,holdout,holdout_04,tr,tau_w_300
320,holdout__holdout_10__teb__e0,holdout,holdout_10,teb,e0
321,discovery__discovery_02__tr__delay_200,discovery,discovery_02,tr,delay_200
322,discovery__discovery_13__tr__e0,discovery,discovery_13,tr,e0
323,holdout__holdout_20__tr__tau_w_100,holdout,holdout_20,tr,tau_w_100
324,holdout__holdout_19__teb__tau_w_300,holdout,holdout_19,teb,tau_w_300
325,discovery__discovery_17__teb__tau_y_150,discovery,discovery_17,teb,tau_y_150
326,holdout__holdout_02__tr__tau_x_300,holdout,holdout_02,tr,tau_x_300
327,holdout__holdout_18__teb__tau_w_100,holdout,holdout_18,teb,tau_w_100
328,holdout__holdout_18__teb__tau_x_100,holdout,holdout_18,teb,tau_x_100
329,discovery__discovery_07__tr__delay_100,discovery,discovery_07,tr,delay_100
330,holdout__holdout_05__teb__delay_100,holdout,holdout_05,teb,delay_100
331,holdout__holdout_17__teb__tau_x_100,holdout,holdout_17,teb,tau_x_100
332,holdout__holdout_13__teb__delay_100,holdout,holdout_13,teb,delay_100
333,discovery__discovery_13__tr__tau_x_100,discovery,discovery_13,tr,tau_x_100
334,holdout__holdout_13__teb__tau_w_300,holdout,holdout_13,teb,tau_w_300
335,holdout__holdout_16__teb__tau_y_500,holdout,holdout_16,teb,tau_y_500
336,discovery__discovery_07__teb__tau_y_150,discovery,discovery_07,teb,tau_y_150
337,discovery__discovery_03__teb__tau_y_500,discovery,discovery_03,teb,tau_y_500
338,holdout__holdout_02__teb__delay_200,holdout,holdout_02,teb,delay_200
339,holdout__holdout_13__teb__tau_w_100,holdout,holdout_13,teb,tau_w_100
340,holdout__holdout_17__teb__tau_y_500,holdout,holdout_17,teb,tau_y_500
341,discovery__discovery_15__tr__tau_x_100,discovery,discovery_15,tr,tau_x_100
342,holdout__holdout_10__tr__tau_x_100,holdout,holdout_10,tr,tau_x_100
343,holdout__holdout_03__tr__tau_y_150,holdout,holdout_03,tr,tau_y_150
344,holdout__holdout_12__teb__tau_y_300,holdout,holdout_12,teb,tau_y_300
345,discovery__discovery_09__tr__delay_100,discovery,discovery_09,tr,delay_100
346,holdout__holdout_14__tr__tau_x_300,holdout,holdout_14,tr,tau_x_300
347,holdout__holdout_06__tr__tau_w_100,holdout,holdout_06,tr,tau_w_100
348,holdout__holdout_10__tr__e0,holdout,holdout_10,tr,e0
349,holdout__holdout_08__tr__tau_y_300,holdout,holdout_08,tr,tau_y_300
350,discovery__discovery_14__tr__tau_w_100,discovery,discovery_14,tr,tau_w_100
351,discovery__discovery_02__tr__tau_y_150,discovery,discovery_02,tr,tau_y_150
352,discovery__discovery_14__tr__tau_y_150,discovery,discovery_14,tr,tau_y_150
353,discovery__discovery_12__teb__tau_y_150,discovery,discovery_12,teb,tau_y_150
354,holdout__holdout_06__tr__tau_w_300,holdout,holdout_06,tr,tau_w_300
355,discovery__discovery_16__teb__e0,discovery,discovery_16,teb,e0
356,discovery__discovery_04__teb__tau_w_300,discovery,discovery_04,teb,tau_w_300
357,discovery__discovery_17__teb__e0,discovery,discovery_17,teb,e0
358,discovery__discovery_11__teb__tau_x_300,discovery,discovery_11,teb,tau_x_300
359,discovery__discovery_04__teb__tau_w_100,discovery,discovery_04,teb,tau_w_100
360,discovery__discovery_03__teb__tau_w_300,discovery,discovery_03,teb,tau_w_300
361,discovery__discovery_01__teb__tau_x_300,discovery,discovery_01,teb,tau_x_300
362,holdout__holdout_11__teb__tau_x_300,holdout,holdout_11,teb,tau_x_300
363,holdout__holdout_18__teb__delay_200,holdout,holdout_18,teb,delay_200
364,holdout__holdout_03__tr__tau_w_300,holdout,holdout_03,tr,tau_w_300
365,holdout__holdout_07__tr__tau_y_150,holdout,holdout_07,tr,tau_y_150
366,discovery__discovery_16__teb__delay_200,discovery,discovery_16,teb,delay_200
367,holdout__holdout_15__tr__tau_y_150,holdout,holdout_15,tr,tau_y_150
368,discovery__discovery_17__teb__delay_200,discovery,discovery_17,teb,delay_200
369,holdout__holdout_19__tr__delay_050,holdout,holdout_19,tr,delay_050
370,discovery__discovery_10__tr__delay_100,discovery,discovery_10,tr,delay_100
371,holdout__holdout_12__tr__delay_100,holdout,holdout_12,tr,delay_100
372,holdout__holdout_06__teb__tau_w_100,holdout,holdout_06,teb,tau_w_100
373,holdout__holdout_03__teb__delay_050,holdout,holdout_03,teb,delay_050
374,discovery__discovery_13__tr__tau_x_300,discovery,discovery_13,tr,tau_x_300
375,holdout__holdout_02__teb__delay_050,holdout,holdout_02,teb,delay_050
376,holdout__holdout_19__tr__tau_y_300,holdout,holdout_19,tr,tau_y_300
377,discovery__discovery_10__teb__e0,discovery,discovery_10,teb,e0
378,discovery__discovery_09__tr__tau_y_500,discovery,discovery_09,tr,tau_y_500
379,discovery__discovery_19__tr__tau_w_100,discovery,discovery_19,tr,tau_w_100
380,holdout__holdout_01__tr__tau_y_500,holdout,holdout_01,tr,tau_y_500
381,discovery__discovery_01__teb__delay_100,discovery,discovery_01,teb,delay_100
382,holdout__holdout_20__tr__delay_200,holdout,holdout_20,tr,delay_200
383,discovery__discovery_19__tr__tau_y_150,discovery,discovery_19,tr,tau_y_150
384,holdout__holdout_01__teb__tau_y_150,holdout,holdout_01,teb,tau_y_150
385,holdout__holdout_03__tr__tau_x_100,holdout,holdout_03,tr,tau_x_100
386,holdout__holdout_15__tr__tau_x_300,holdout,holdout_15,tr,tau_x_300
387,discovery__discovery_09__tr__tau_y_300,discovery,discovery_09,tr,tau_y_300
388,discovery__discovery_04__tr__delay_050,discovery,discovery_04,tr,delay_050
389,holdout__holdout_20__tr__delay_100,holdout,holdout_20,tr,delay_100
390,discovery__discovery_05__teb__delay_100,discovery,discovery_05,teb,delay_100
391,holdout__holdout_09__teb__delay_100,holdout,holdout_09,teb,delay_100
392,holdout__holdout_11__tr__delay_200,holdout,holdout_11,tr,delay_200
393,discovery__discovery_09__teb__tau_w_300,discovery,discovery_09,teb,tau_w_300
394,holdout__holdout_19__teb__delay_200,holdout,holdout_19,teb,delay_200
395,holdout__holdout_05__tr__tau_y_300,holdout,holdout_05,tr,tau_y_300
396,discovery__discovery_08__teb__e0,discovery,discovery_08,teb,e0
397,holdout__holdout_07__teb__delay_200,holdout,holdout_07,teb,delay_200
398,discovery__discovery_06__teb__delay_100,discovery,discovery_06,teb,delay_100
399,holdout__holdout_20__teb__tau_x_100,holdout,holdout_20,teb,tau_x_100
400,discovery__discovery_02__tr__tau_w_100,discovery,discovery_02,tr,tau_w_100
401,holdout__holdout_14__teb__tau_y_300,holdout,holdout_14,teb,tau_y_300
402,holdout__holdout_05__teb__tau_x_300,holdout,holdout_05,teb,tau_x_300
403,holdout__holdout_03__teb__tau_w_100,holdout,holdout_03,teb,tau_w_100
404,discovery__discovery_14__tr__tau_x_100,discovery,discovery_14,tr,tau_x_100
405,discovery__discovery_12__teb__e0,discovery,discovery_12,teb,e0
406,discovery__discovery_10__tr__tau_y_500,discovery,discovery_10,tr,tau_y_500
407,discovery__discovery_09__teb__tau_w_100,discovery,discovery_09,teb,tau_w_100
408,holdout__holdout_15__teb__tau_x_300,holdout,holdout_15,teb,tau_x_300
409,holdout__holdout_11__teb__delay_050,holdout,holdout_11,teb,delay_050
410,discovery__discovery_08__tr__tau_x_100,discovery,discovery_08,tr,tau_x_100
411,holdout__holdout_17__teb__delay_050,holdout,holdout_17,teb,delay_050
412,discovery__discovery_07__tr__e0,discovery,discovery_07,tr,e0
413,discovery__discovery_12__teb__delay_200,discovery,discovery_12,teb,delay_200
414,holdout__holdout_02__tr__e0,holdout,holdout_02,tr,e0
415,discovery__discovery_20__tr__delay_200,discovery,discovery_20,tr,delay_200
416,discovery__discovery_11__tr__delay_200,discovery,discovery_11,tr,delay_200
417,discovery__discovery_04__tr__tau_x_300,discovery,discovery_04,tr,tau_x_300
418,discovery__discovery_12__teb__tau_y_500,discovery,discovery_12,teb,tau_y_500
419,holdout__holdout_01__teb__tau_x_100,holdout,holdout_01,teb,tau_x_100
420,discovery__discovery_01__tr__tau_y_500,discovery,discovery_01,tr,tau_y_500
421,holdout__holdout_12__teb__tau_x_300,holdout,holdout_12,teb,tau_x_300
422,holdout__holdout_18__tr__tau_y_150,holdout,holdout_18,tr,tau_y_150
423,discovery__discovery_16__teb__tau_w_300,discovery,discovery_16,teb,tau_w_300
424,discovery__discovery_15__teb__tau_x_100,discovery,discovery_15,teb,tau_x_100
425,holdout__holdout_16__tr__tau_y_500,holdout,holdout_16,tr,tau_y_500
426,holdout__holdout_18__teb__tau_x_300,holdout,holdout_18,teb,tau_x_300
427,holdout__holdout_17__teb__tau_y_150,holdout,holdout_17,teb,tau_y_150
428,discovery__discovery_16__tr__tau_w_300,discovery,discovery_16,tr,tau_w_300
429,discovery__discovery_08__tr__tau_w_300,discovery,discovery_08,tr,tau_w_300
430,holdout__holdout_13__teb__delay_050,holdout,holdout_13,teb,delay_050
431,holdout__holdout_06__tr__tau_x_300,holdout,holdout_06,tr,tau_x_300
432,discovery__discovery_15__teb__delay_200,discovery,discovery_15,teb,delay_200
433,holdout__holdout_06__tr__tau_y_500,holdout,holdout_06,tr,tau_y_500
434,discovery__discovery_03__tr__tau_w_300,discovery,discovery_03,tr,tau_w_300
435,discovery__discovery_01__tr__tau_y_300,discovery,discovery_01,tr,tau_y_300
436,holdout__holdout_17__tr__tau_y_500,holdout,holdout_17,tr,tau_y_500
437,discovery__discovery_06__tr__tau_w_300,discovery,discovery_06,tr,tau_w_300
438,discovery__discovery_15__tr__tau_w_300,discovery,discovery_15,tr,tau_w_300
439,discovery__discovery_03__teb__tau_x_100,discovery,discovery_03,teb,tau_x_100
440,holdout__holdout_08__teb__tau_y_150,holdout,holdout_08,teb,tau_y_150
441,discovery__discovery_08__teb__tau_w_300,discovery,discovery_08,teb,tau_w_300
442,discovery__discovery_19__tr__tau_y_300,discovery,discovery_19,tr,tau_y_300
443,discovery__discovery_04__tr__tau_y_500,discovery,discovery_04,tr,tau_y_500
444,discovery__discovery_13__teb__tau_y_300,discovery,discovery_13,teb,tau_y_300
445,discovery__discovery_12__teb__tau_x_300,discovery,discovery_12,teb,tau_x_300
446,discovery__discovery_18__tr__delay_100,discovery,discovery_18,tr,delay_100
447,holdout__holdout_06__tr__tau_y_300,holdout,holdout_06,tr,tau_y_300
448,discovery__discovery_16__teb__tau_y_150,discovery,discovery_16,teb,tau_y_150
449,holdout__holdout_19__tr__tau_w_300,holdout,holdout_19,tr,tau_w_300
450,discovery__discovery_06__teb__tau_x_100,discovery,discovery_06,teb,tau_x_100
451,discovery__discovery_18__teb__tau_y_300,discovery,discovery_18,teb,tau_y_300
452,holdout__holdout_11__tr__tau_y_300,holdout,holdout_11,tr,tau_y_300
453,holdout__holdout_02__teb__tau_x_100,holdout,holdout_02,teb,tau_x_100
454,discovery__discovery_11__teb__tau_w_300,discovery,discovery_11,teb,tau_w_300
455,discovery__discovery_10__tr__delay_200,discovery,discovery_10,tr,delay_200
456,discovery__discovery_14__tr__delay_200,discovery,discovery_14,tr,delay_200
457,holdout__holdout_02__teb__tau_y_300,holdout,holdout_02,teb,tau_y_300
458,holdout__holdout_04__teb__tau_y_500,holdout,holdout_04,teb,tau_y_500
459,holdout__holdout_16__tr__tau_w_300,holdout,holdout_16,tr,tau_w_300
460,discovery__discovery_13__teb__tau_y_150,discovery,discovery_13,teb,tau_y_150
461,holdout__holdout_04__tr__delay_050,holdout,holdout_04,tr,delay_050
462,discovery__discovery_13__teb__tau_w_300,discovery,discovery_13,teb,tau_w_300
463,discovery__discovery_19__tr__e0,discovery,discovery_19,tr,e0
464,discovery__discovery_08__tr__delay_200,discovery,discovery_08,tr,delay_200
465,holdout__holdout_17__tr__tau_x_100,holdout,holdout_17,tr,tau_x_100
466,discovery__discovery_08__teb__tau_w_100,discovery,discovery_08,teb,tau_w_100
467,discovery__discovery_01__teb__tau_y_150,discovery,discovery_01,teb,tau_y_150
468,holdout__holdout_14__teb__tau_x_100,holdout,holdout_14,teb,tau_x_100
469,discovery__discovery_15__tr__delay_100,discovery,discovery_15,tr,delay_100
470,holdout__holdout_20__tr__tau_x_100,holdout,holdout_20,tr,tau_x_100
471,discovery__discovery_04__tr__delay_200,discovery,discovery_04,tr,delay_200
472,holdout__holdout_08__tr__delay_200,holdout,holdout_08,tr,delay_200
473,discovery__discovery_01__tr__tau_x_100,discovery,discovery_01,tr,tau_x_100
474,discovery__discovery_14__teb__tau_x_300,discovery,discovery_14,teb,tau_x_300
475,discovery__discovery_18__teb__delay_200,discovery,discovery_18,teb,delay_200
476,holdout__holdout_02__tr__delay_200,holdout,holdout_02,tr,delay_200
477,discovery__discovery_19__teb__delay_100,discovery,discovery_19,teb,delay_100
478,discovery__discovery_07__tr__tau_w_300,discovery,discovery_07,tr,tau_w_300
479,holdout__holdout_07__tr__e0,holdout,holdout_07,tr,e0
480,holdout__holdout_07__teb__e0,holdout,holdout_07,teb,e0
481,discovery__discovery_08__tr__tau_y_150,discovery,discovery_08,tr,tau_y_150
482,holdout__holdout_09__tr__tau_y_300,holdout,holdout_09,tr,tau_y_300
483,discovery__discovery_03__tr__tau_w_100,discovery,discovery_03,tr,tau_w_100
484,holdout__holdout_16__tr__tau_w_100,holdout,holdout_16,tr,tau_w_100
485,holdout__holdout_12__tr__tau_x_100,holdout,holdout_12,tr,tau_x_100
486,holdout__holdout_20__teb__e0,holdout,holdout_20,teb,e0
487,holdout__holdout_15__tr__tau_x_100,holdout,holdout_15,tr,tau_x_100
488,holdout__holdout_11__teb__delay_200,holdout,holdout_11,teb,delay_200
489,discovery__discovery_11__tr__tau_w_100,discovery,discovery_11,tr,tau_w_100
490,holdout__holdout_16__tr__tau_y_300,holdout,holdout_16,tr,tau_y_300
491,holdout__holdout_14__teb__delay_050,holdout,holdout_14,teb,delay_050
492,discovery__discovery_06__teb__tau_y_500,discovery,discovery_06,teb,tau_y_500
493,discovery__discovery_19__teb__tau_w_300,discovery,discovery_19,teb,tau_w_300
494,discovery__discovery_14__tr__e0,discovery,discovery_14,tr,e0
495,discovery__discovery_16__tr__e0,discovery,discovery_16,tr,e0
496,discovery__discovery_20__teb__tau_x_300,discovery,discovery_20,teb,tau_x_300
497,discovery__discovery_18__tr__tau_w_100,discovery,discovery_18,tr,tau_w_100
498,discovery__discovery_12__teb__delay_100,discovery,discovery_12,teb,delay_100
499,holdout__holdout_15__tr__tau_w_300,holdout,holdout_15,tr,tau_w_300
500,holdout__holdout_20__teb__tau_x_300,holdout,holdout_20,teb,tau_x_300
501,holdout__holdout_20__teb__delay_050,holdout,holdout_20,teb,delay_050
502,discovery__discovery_02__tr__tau_w_300,discovery,discovery_02,tr,tau_w_300
503,holdout__holdout_09__tr__tau_x_300,holdout,holdout_09,tr,tau_x_300
504,discovery__discovery_10__teb__tau_y_300,discovery,discovery_10,teb,tau_y_300
505,holdout__holdout_10__teb__tau_w_100,holdout,holdout_10,teb,tau_w_100
506,discovery__discovery_10__teb__tau_y_500,discovery,discovery_10,teb,tau_y_500
507,discovery__discovery_19__teb__tau_y_150,discovery,discovery_19,teb,tau_y_150
508,discovery__discovery_01__teb__tau_y_300,discovery,discovery_01,teb,tau_y_300
509,holdout__holdout_06__teb__delay_050,holdout,holdout_06,teb,delay_050
510,holdout__holdout_10__tr__tau_y_150,holdout,holdout_10,tr,tau_y_150
511,holdout__holdout_12__teb__delay_050,holdout,holdout_12,teb,delay_050
512,holdout__holdout_14__teb__tau_x_300,holdout,holdout_14,teb,tau_x_300
513,discovery__discovery_18__teb__tau_w_100,discovery,discovery_18,teb,tau_w_100
514,holdout__holdout_03__tr__tau_y_300,holdout,holdout_03,tr,tau_y_300
515,discovery__discovery_20__tr__tau_w_100,discovery,discovery_20,tr,tau_w_100
516,discovery__discovery_03__teb__tau_y_150,discovery,discovery_03,teb,tau_y_150
517,discovery__discovery_20__teb__tau_y_150,discovery,discovery_20,teb,tau_y_150
518,holdout__holdout_13__tr__tau_y_150,holdout,holdout_13,tr,tau_y_150
519,discovery__discovery_15__teb__tau_w_100,discovery,discovery_15,teb,tau_w_100
520,holdout__holdout_10__teb__tau_x_100,holdout,holdout_10,teb,tau_x_100
521,discovery__discovery_08__teb__delay_050,discovery,discovery_08,teb,delay_050
522,holdout__holdout_01__teb__e0,holdout,holdout_01,teb,e0
523,holdout__holdout_09__tr__tau_y_150,holdout,holdout_09,tr,tau_y_150
524,discovery__discovery_13__tr__tau_y_500,discovery,discovery_13,tr,tau_y_500
525,discovery__discovery_10__teb__delay_050,discovery,discovery_10,teb,delay_050
526,holdout__holdout_18__teb__tau_y_500,holdout,holdout_18,teb,tau_y_500
527,holdout__holdout_18__tr__e0,holdout,holdout_18,tr,e0
528,holdout__holdout_04__teb__tau_w_300,holdout,holdout_04,teb,tau_w_300
529,holdout__holdout_09__teb__tau_w_100,holdout,holdout_09,teb,tau_w_100
530,holdout__holdout_11__teb__tau_x_100,holdout,holdout_11,teb,tau_x_100
531,holdout__holdout_20__teb__tau_w_300,holdout,holdout_20,teb,tau_w_300
532,holdout__holdout_15__tr__tau_y_500,holdout,holdout_15,tr,tau_y_500
533,holdout__holdout_15__tr__tau_y_300,holdout,holdout_15,tr,tau_y_300
534,discovery__discovery_20__tr__delay_100,discovery,discovery_20,tr,delay_100
535,discovery__discovery_02__tr__delay_100,discovery,discovery_02,tr,delay_100
536,discovery__discovery_13__tr__tau_y_300,discovery,discovery_13,tr,tau_y_300
537,discovery__discovery_03__tr__tau_x_300,discovery,discovery_03,tr,tau_x_300
538,discovery__discovery_10__tr__tau_x_300,discovery,discovery_10,tr,tau_x_300
539,discovery__discovery_20__teb__delay_050,discovery,discovery_20,teb,delay_050
540,holdout__holdout_02__teb__tau_y_500,holdout,holdout_02,teb,tau_y_500
541,holdout__holdout_18__tr__delay_200,holdout,holdout_18,tr,delay_200
542,holdout__holdout_13__tr__tau_x_100,holdout,holdout_13,tr,tau_x_100
543,holdout__holdout_16__tr__e0,holdout,holdout_16,tr,e0
544,discovery__discovery_12__tr__tau_w_300,discovery,discovery_12,tr,tau_w_300
545,discovery__discovery_09__teb__tau_x_100,discovery,discovery_09,teb,tau_x_100
546,discovery__discovery_19__teb__e0,discovery,discovery_19,teb,e0
547,holdout__holdout_03__tr__e0,holdout,holdout_03,tr,e0
548,discovery__discovery_18__teb__e0,discovery,discovery_18,teb,e0
549,holdout__holdout_05__teb__tau_x_100,holdout,holdout_05,teb,tau_x_100
550,holdout__holdout_18__teb__delay_050,holdout,holdout_18,teb,delay_050
551,holdout__holdout_04__tr__tau_y_300,holdout,holdout_04,tr,tau_y_300
552,holdout__holdout_20__teb__delay_200,holdout,holdout_20,teb,delay_200
553,discovery__discovery_06__tr__delay_200,discovery,discovery_06,tr,delay_200
554,holdout__holdout_06__tr__e0,holdout,holdout_06,tr,e0
555,holdout__holdout_11__tr__tau_w_300,holdout,holdout_11,tr,tau_w_300
556,discovery__discovery_17__teb__tau_x_300,discovery,discovery_17,teb,tau_x_300
557,holdout__holdout_09__teb__delay_050,holdout,holdout_09,teb,delay_050
558,holdout__holdout_13__tr__delay_050,holdout,holdout_13,tr,delay_050
559,discovery__discovery_03__tr__tau_y_150,discovery,discovery_03,tr,tau_y_150
560,holdout__holdout_08__teb__tau_w_100,holdout,holdout_08,teb,tau_w_100
561,holdout__holdout_20__teb__tau_y_500,holdout,holdout_20,teb,tau_y_500
562,holdout__holdout_06__teb__delay_100,holdout,holdout_06,teb,delay_100
563,discovery__discovery_10__teb__tau_x_100,discovery,discovery_10,teb,tau_x_100
564,holdout__holdout_06__teb__tau_x_300,holdout,holdout_06,teb,tau_x_300
565,discovery__discovery_16__tr__tau_y_150,discovery,discovery_16,tr,tau_y_150
566,discovery__discovery_01__tr__delay_050,discovery,discovery_01,tr,delay_050
567,holdout__holdout_19__tr__tau_y_150,holdout,holdout_19,tr,tau_y_150
568,holdout__holdout_07__tr__tau_y_300,holdout,holdout_07,tr,tau_y_300
569,holdout__holdout_05__tr__delay_050,holdout,holdout_05,tr,delay_050
570,discovery__discovery_10__tr__tau_y_150,discovery,discovery_10,tr,tau_y_150
571,holdout__holdout_10__teb__delay_200,holdout,holdout_10,teb,delay_200
572,discovery__discovery_08__tr__tau_y_500,discovery,discovery_08,tr,tau_y_500
573,holdout__holdout_01__tr__e0,holdout,holdout_01,tr,e0
574,discovery__discovery_18__tr__tau_x_300,discovery,discovery_18,tr,tau_x_300
575,holdout__holdout_09__teb__e0,holdout,holdout_09,teb,e0
576,holdout__holdout_09__tr__tau_x_100,holdout,holdout_09,tr,tau_x_100
577,holdout__holdout_19__teb__tau_x_300,holdout,holdout_19,teb,tau_x_300
578,discovery__discovery_01__teb__e0,discovery,discovery_01,teb,e0
579,holdout__holdout_20__teb__tau_w_100,holdout,holdout_20,teb,tau_w_100
580,discovery__discovery_02__teb__tau_y_500,discovery,discovery_02,teb,tau_y_500
581,discovery__discovery_16__tr__delay_050,discovery,discovery_16,tr,delay_050
582,holdout__holdout_16__teb__tau_y_300,holdout,holdout_16,teb,tau_y_300
583,holdout__holdout_10__teb__delay_100,holdout,holdout_10,teb,delay_100
584,discovery__discovery_20__teb__tau_w_300,discovery,discovery_20,teb,tau_w_300
585,discovery__discovery_15__teb__e0,discovery,discovery_15,teb,e0
586,discovery__discovery_02__teb__tau_y_300,discovery,discovery_02,teb,tau_y_300
587,holdout__holdout_04__tr__tau_w_100,holdout,holdout_04,tr,tau_w_100
588,discovery__discovery_14__teb__tau_w_100,discovery,discovery_14,teb,tau_w_100
589,holdout__holdout_16__teb__tau_y_150,holdout,holdout_16,teb,tau_y_150
590,holdout__holdout_10__teb__tau_y_500,holdout,holdout_10,teb,tau_y_500
591,holdout__holdout_01__tr__tau_w_300,holdout,holdout_01,tr,tau_w_300
592,discovery__discovery_12__tr__delay_050,discovery,discovery_12,tr,delay_050
593,holdout__holdout_10__teb__tau_y_150,holdout,holdout_10,teb,tau_y_150
594,discovery__discovery_05__teb__tau_y_500,discovery,discovery_05,teb,tau_y_500
595,holdout__holdout_14__teb__tau_w_100,holdout,holdout_14,teb,tau_w_100
596,discovery__discovery_14__tr__tau_y_500,discovery,discovery_14,tr,tau_y_500
597,discovery__discovery_01__teb__delay_200,discovery,discovery_01,teb,delay_200
598,discovery__discovery_10__teb__delay_100,discovery,discovery_10,teb,delay_100
599,discovery__discovery_10__tr__tau_w_100,discovery,discovery_10,tr,tau_w_100
600,holdout__holdout_13__teb__tau_x_300,holdout,holdout_13,teb,tau_x_300
601,holdout__holdout_12__tr__tau_y_150,holdout,holdout_12,tr,tau_y_150
602,holdout__holdout_16__teb__delay_050,holdout,holdout_16,teb,delay_050
603,discovery__discovery_04__tr__tau_y_300,discovery,discovery_04,tr,tau_y_300
604,discovery__discovery_06__tr__delay_050,discovery,discovery_06,tr,delay_050
605,holdout__holdout_07__tr__tau_y_500,holdout,holdout_07,tr,tau_y_500
606,holdout__holdout_18__tr__delay_050,holdout,holdout_18,tr,delay_050
607,holdout__holdout_20__tr__delay_050,holdout,holdout_20,tr,delay_050
608,holdout__holdout_07__teb__tau_w_300,holdout,holdout_07,teb,tau_w_300
609,discovery__discovery_11__tr__tau_y_500,discovery,discovery_11,tr,tau_y_500
610,discovery__discovery_09__tr__tau_w_100,discovery,discovery_09,tr,tau_w_100
611,holdout__holdout_07__tr__tau_w_300,holdout,holdout_07,tr,tau_w_300
612,holdout__holdout_14__tr__delay_200,holdout,holdout_14,tr,delay_200
613,discovery__discovery_17__teb__delay_050,discovery,discovery_17,teb,delay_050
614,holdout__holdout_17__teb__tau_y_300,holdout,holdout_17,teb,tau_y_300
615,discovery__discovery_01__teb__tau_y_500,discovery,discovery_01,teb,tau_y_500
616,discovery__discovery_19__teb__tau_x_300,discovery,discovery_19,teb,tau_x_300
617,holdout__holdout_11__teb__e0,holdout,holdout_11,teb,e0
618,holdout__holdout_04__teb__tau_y_300,holdout,holdout_04,teb,tau_y_300
619,holdout__holdout_12__tr__tau_w_100,holdout,holdout_12,tr,tau_w_100
620,holdout__holdout_06__teb__delay_200,holdout,holdout_06,teb,delay_200
621,discovery__discovery_08__tr__tau_y_300,discovery,discovery_08,tr,tau_y_300
622,holdout__holdout_14__tr__delay_100,holdout,holdout_14,tr,delay_100
623,holdout__holdout_03__teb__delay_200,holdout,holdout_03,teb,delay_200
624,discovery__discovery_14__teb__delay_100,discovery,discovery_14,teb,delay_100
625,discovery__discovery_07__tr__tau_x_300,discovery,discovery_07,tr,tau_x_300
626,holdout__holdout_18__tr__tau_w_100,holdout,holdout_18,tr,tau_w_100
627,discovery__discovery_08__teb__tau_y_150,discovery,discovery_08,teb,tau_y_150
628,holdout__holdout_11__tr__delay_050,holdout,holdout_11,tr,delay_050
629,discovery__discovery_09__tr__delay_200,discovery,discovery_09,tr,delay_200
630,holdout__holdout_08__teb__delay_050,holdout,holdout_08,teb,delay_050
631,discovery__discovery_13__teb__e0,discovery,discovery_13,teb,e0
632,discovery__discovery_17__teb__delay_100,discovery,discovery_17,teb,delay_100
633,holdout__holdout_12__teb__delay_100,holdout,holdout_12,teb,delay_100
634,holdout__holdout_07__teb__tau_y_500,holdout,holdout_07,teb,tau_y_500
635,discovery__discovery_10__tr__delay_050,discovery,discovery_10,tr,delay_050
636,discovery__discovery_02__tr__tau_y_300,discovery,discovery_02,tr,tau_y_300
637,discovery__discovery_17__tr__tau_w_300,discovery,discovery_17,tr,tau_w_300
638,holdout__holdout_14__teb__tau_y_150,holdout,holdout_14,teb,tau_y_150
639,discovery__discovery_18__teb__tau_y_500,discovery,discovery_18,teb,tau_y_500
640,holdout__holdout_09__tr__tau_w_300,holdout,holdout_09,tr,tau_w_300
641,discovery__discovery_05__tr__delay_100,discovery,discovery_05,tr,delay_100
642,discovery__discovery_04__teb__tau_y_500,discovery,discovery_04,teb,tau_y_500
643,holdout__holdout_01__teb__tau_w_100,holdout,holdout_01,teb,tau_w_100
644,holdout__holdout_01__teb__tau_y_300,holdout,holdout_01,teb,tau_y_300
645,holdout__holdout_09__teb__tau_w_300,holdout,holdout_09,teb,tau_w_300
646,discovery__discovery_14__tr__tau_x_300,discovery,discovery_14,tr,tau_x_300
647,holdout__holdout_12__teb__delay_200,holdout,holdout_12,teb,delay_200
648,discovery__discovery_05__tr__tau_y_150,discovery,discovery_05,tr,tau_y_150
649,holdout__holdout_04__tr__e0,holdout,holdout_04,tr,e0
650,holdout__holdout_06__teb__tau_y_500,holdout,holdout_06,teb,tau_y_500
651,holdout__holdout_03__tr__tau_x_300,holdout,holdout_03,tr,tau_x_300
652,holdout__holdout_19__teb__delay_050,holdout,holdout_19,teb,delay_050
653,discovery__discovery_07__teb__delay_100,discovery,discovery_07,teb,delay_100
654,discovery__discovery_09__teb__tau_x_300,discovery,discovery_09,teb,tau_x_300
655,discovery__discovery_17__tr__tau_x_100,discovery,discovery_17,tr,tau_x_100
656,discovery__discovery_12__tr__tau_x_300,discovery,discovery_12,tr,tau_x_300
657,holdout__holdout_01__tr__tau_y_300,holdout,holdout_01,tr,tau_y_300
658,discovery__discovery_07__teb__e0,discovery,discovery_07,teb,e0
659,discovery__discovery_09__tr__tau_w_300,discovery,discovery_09,tr,tau_w_300
660,discovery__discovery_14__teb__tau_y_500,discovery,discovery_14,teb,tau_y_500
661,discovery__discovery_14__teb__delay_200,discovery,discovery_14,teb,delay_200
662,holdout__holdout_07__tr__delay_050,holdout,holdout_07,tr,delay_050
663,discovery__discovery_08__teb__delay_100,discovery,discovery_08,teb,delay_100
664,holdout__holdout_10__tr__delay_050,holdout,holdout_10,tr,delay_050
665,discovery__discovery_14__tr__tau_y_300,discovery,discovery_14,tr,tau_y_300
666,discovery__discovery_02__teb__tau_w_300,discovery,discovery_02,teb,tau_w_300
667,holdout__holdout_10__tr__tau_x_300,holdout,holdout_10,tr,tau_x_300
668,holdout__holdout_02__tr__tau_y_150,holdout,holdout_02,tr,tau_y_150
669,holdout__holdout_16__tr__delay_050,holdout,holdout_16,tr,delay_050
670,discovery__discovery_11__teb__delay_200,discovery,discovery_11,teb,delay_200
671,holdout__holdout_14__teb__delay_200,holdout,holdout_14,teb,delay_200
672,holdout__holdout_09__tr__tau_w_100,holdout,holdout_09,tr,tau_w_100
673,holdout__holdout_06__tr__delay_050,holdout,holdout_06,tr,delay_050
674,holdout__holdout_04__tr__tau_y_500,holdout,holdout_04,tr,tau_y_500
675,holdout__holdout_16__tr__tau_x_100,holdout,holdout_16,tr,tau_x_100
676,discovery__discovery_02__teb__delay_050,discovery,discovery_02,teb,delay_050
677,discovery__discovery_01__teb__delay_050,discovery,discovery_01,teb,delay_050
678,discovery__discovery_09__tr__tau_x_300,discovery,discovery_09,tr,tau_x_300
679,discovery__discovery_17__tr__tau_y_500,discovery,discovery_17,tr,tau_y_500
680,discovery__discovery_04__teb__delay_200,discovery,discovery_04,teb,delay_200
681,holdout__holdout_16__tr__tau_y_150,holdout,holdout_16,tr,tau_y_150
682,discovery__discovery_01__teb__tau_x_100,discovery,discovery_01,teb,tau_x_100
683,discovery__discovery_08__tr__tau_w_100,discovery,discovery_08,tr,tau_w_100
684,holdout__holdout_05__tr__tau_x_100,holdout,holdout_05,tr,tau_x_100
685,holdout__holdout_19__tr__e0,holdout,holdout_19,tr,e0
686,discovery__discovery_04__tr__tau_w_300,discovery,discovery_04,tr,tau_w_300
687,holdout__holdout_02__teb__e0,holdout,holdout_02,teb,e0
688,holdout__holdout_19__tr__tau_y_500,holdout,holdout_19,tr,tau_y_500
689,holdout__holdout_09__teb__tau_y_150,holdout,holdout_09,teb,tau_y_150
690,holdout__holdout_08__teb__tau_y_300,holdout,holdout_08,teb,tau_y_300
691,holdout__holdout_09__tr__e0,holdout,holdout_09,tr,e0
692,holdout__holdout_13__tr__tau_w_100,holdout,holdout_13,tr,tau_w_100
693,holdout__holdout_19__teb__tau_y_500,holdout,holdout_19,teb,tau_y_500
694,holdout__holdout_19__teb__tau_y_150,holdout,holdout_19,teb,tau_y_150
695,holdout__holdout_02__teb__tau_x_300,holdout,holdout_02,teb,tau_x_300
696,discovery__discovery_01__teb__tau_w_300,discovery,discovery_01,teb,tau_w_300
697,holdout__holdout_09__tr__delay_100,holdout,holdout_09,tr,delay_100
698,holdout__holdout_15__teb__tau_y_500,holdout,holdout_15,teb,tau_y_500
699,holdout__holdout_08__tr__tau_x_100,holdout,holdout_08,tr,tau_x_100
700,holdout__holdout_09__tr__delay_050,holdout,holdout_09,tr,delay_050
701,holdout__holdout_19__tr__tau_x_100,holdout,holdout_19,tr,tau_x_100
702,discovery__discovery_15__teb__tau_x_300,discovery,discovery_15,teb,tau_x_300
703,holdout__holdout_09__tr__delay_200,holdout,holdout_09,tr,delay_200
704,holdout__holdout_14__teb__delay_100,holdout,holdout_14,teb,delay_100
705,holdout__holdout_10__teb__delay_050,holdout,holdout_10,teb,delay_050
706,holdout__holdout_20__tr__e0,holdout,holdout_20,tr,e0
707,holdout__holdout_19__tr__tau_x_300,holdout,holdout_19,tr,tau_x_300
708,holdout__holdout_03__teb__tau_x_100,holdout,holdout_03,teb,tau_x_100
709,discovery__discovery_06__tr__tau_x_300,discovery,discovery_06,tr,tau_x_300
710,discovery__discovery_15__tr__tau_w_100,discovery,discovery_15,tr,tau_w_100
711,discovery__discovery_11__tr__tau_x_100,discovery,discovery_11,tr,tau_x_100
712,discovery__discovery_13__tr__delay_200,discovery,discovery_13,tr,delay_200
713,discovery__discovery_11__teb__tau_x_100,discovery,discovery_11,teb,tau_x_100
714,holdout__holdout_14__tr__tau_w_300,holdout,holdout_14,tr,tau_w_300
715,holdout__holdout_07__teb__tau_w_100,holdout,holdout_07,teb,tau_w_100
716,discovery__discovery_10__teb__delay_200,discovery,discovery_10,teb,delay_200
717,discovery__discovery_20__teb__e0,discovery,discovery_20,teb,e0
718,holdout__holdout_14__tr__tau_w_100,holdout,holdout_14,tr,tau_w_100
719,discovery__discovery_07__tr__tau_y_500,discovery,discovery_07,tr,tau_y_500
720,discovery__discovery_11__tr__tau_w_300,discovery,discovery_11,tr,tau_w_300
721,discovery__discovery_12__teb__tau_y_300,discovery,discovery_12,teb,tau_y_300
722,discovery__discovery_18__tr__e0,discovery,discovery_18,tr,e0
723,discovery__discovery_15__teb__tau_y_150,discovery,discovery_15,teb,tau_y_150
724,discovery__discovery_05__tr__delay_200,discovery,discovery_05,tr,delay_200
725,holdout__holdout_05__teb__delay_200,holdout,holdout_05,teb,delay_200
726,holdout__holdout_13__tr__delay_200,holdout,holdout_13,tr,delay_200
727,holdout__holdout_02__tr__tau_w_100,holdout,holdout_02,tr,tau_w_100
728,discovery__discovery_04__tr__tau_w_100,discovery,discovery_04,tr,tau_w_100
729,holdout__holdout_03__tr__delay_100,holdout,holdout_03,tr,delay_100
730,holdout__holdout_12__tr__tau_y_500,holdout,holdout_12,tr,tau_y_500
731,holdout__holdout_11__teb__tau_y_150,holdout,holdout_11,teb,tau_y_150
732,discovery__discovery_06__tr__delay_100,discovery,discovery_06,tr,delay_100
733,holdout__holdout_09__teb__delay_200,holdout,holdout_09,teb,delay_200
734,discovery__discovery_11__teb__tau_y_500,discovery,discovery_11,teb,tau_y_500
735,holdout__holdout_12__teb__tau_w_100,holdout,holdout_12,teb,tau_w_100
736,holdout__holdout_04__tr__delay_200,holdout,holdout_04,tr,delay_200
737,holdout__holdout_13__tr__tau_x_300,holdout,holdout_13,tr,tau_x_300
738,holdout__holdout_16__teb__delay_200,holdout,holdout_16,teb,delay_200
739,holdout__holdout_15__teb__tau_y_150,holdout,holdout_15,teb,tau_y_150
740,discovery__discovery_05__teb__e0,discovery,discovery_05,teb,e0
741,discovery__discovery_16__teb__tau_y_500,discovery,discovery_16,teb,tau_y_500
742,discovery__discovery_02__tr__e0,discovery,discovery_02,tr,e0
743,holdout__holdout_06__teb__e0,holdout,holdout_06,teb,e0
744,discovery__discovery_05__teb__tau_w_300,discovery,discovery_05,teb,tau_w_300
745,discovery__discovery_15__teb__delay_100,discovery,discovery_15,teb,delay_100
746,holdout__holdout_08__teb__tau_y_500,holdout,holdout_08,teb,tau_y_500
747,holdout__holdout_07__teb__tau_x_300,holdout,holdout_07,teb,tau_x_300
748,holdout__holdout_18__teb__tau_y_300,holdout,holdout_18,teb,tau_y_300
749,holdout__holdout_13__teb__tau_y_300,holdout,holdout_13,teb,tau_y_300
750,holdout__holdout_20__teb__tau_y_300,holdout,holdout_20,teb,tau_y_300
751,holdout__holdout_02__tr__tau_y_300,holdout,holdout_02,tr,tau_y_300
752,discovery__discovery_11__teb__tau_y_300,discovery,discovery_11,teb,tau_y_300
753,holdout__holdout_01__tr__delay_100,holdout,holdout_01,tr,delay_100
754,holdout__holdout_15__teb__tau_w_100,holdout,holdout_15,teb,tau_w_100
755,discovery__discovery_13__tr__tau_w_300,discovery,discovery_13,tr,tau_w_300
756,holdout__holdout_13__tr__tau_w_300,holdout,holdout_13,tr,tau_w_300
757,discovery__discovery_07__teb__tau_w_300,discovery,discovery_07,teb,tau_w_300
758,discovery__discovery_04__tr__tau_y_150,discovery,discovery_04,tr,tau_y_150
759,discovery__discovery_18__teb__delay_100,discovery,discovery_18,teb,delay_100
760,discovery__discovery_10__teb__tau_x_300,discovery,discovery_10,teb,tau_x_300
761,discovery__discovery_07__teb__tau_w_100,discovery,discovery_07,teb,tau_w_100
762,discovery__discovery_09__teb__delay_100,discovery,discovery_09,teb,delay_100
763,discovery__discovery_14__tr__delay_100,discovery,discovery_14,tr,delay_100
764,holdout__holdout_12__teb__tau_x_100,holdout,holdout_12,teb,tau_x_100
765,discovery__discovery_02__teb__delay_200,discovery,discovery_02,teb,delay_200
766,discovery__discovery_03__tr__delay_050,discovery,discovery_03,tr,delay_050
767,discovery__discovery_02__teb__tau_y_150,discovery,discovery_02,teb,tau_y_150
768,holdout__holdout_06__teb__tau_w_300,holdout,holdout_06,teb,tau_w_300
769,holdout__holdout_04__teb__e0,holdout,holdout_04,teb,e0
770,discovery__discovery_13__teb__delay_100,discovery,discovery_13,teb,delay_100
771,holdout__holdout_03__tr__delay_050,holdout,holdout_03,tr,delay_050
772,holdout__holdout_20__teb__delay_100,holdout,holdout_20,teb,delay_100
773,holdout__holdout_01__tr__tau_w_100,holdout,holdout_01,tr,tau_w_100
774,discovery__discovery_06__tr__tau_x_100,discovery,discovery_06,tr,tau_x_100
775,holdout__holdout_11__teb__delay_100,holdout,holdout_11,teb,delay_100
776,holdout__holdout_17__tr__tau_x_300,holdout,holdout_17,tr,tau_x_300
777,discovery__discovery_10__tr__tau_x_100,discovery,discovery_10,tr,tau_x_100
778,holdout__holdout_05__teb__tau_y_300,holdout,holdout_05,teb,tau_y_300
779,holdout__holdout_02__teb__delay_100,holdout,holdout_02,teb,delay_100
780,holdout__holdout_06__tr__delay_200,holdout,holdout_06,tr,delay_200
781,holdout__holdout_03__teb__tau_y_300,holdout,holdout_03,teb,tau_y_300
782,holdout__holdout_10__teb__tau_x_300,holdout,holdout_10,teb,tau_x_300
783,holdout__holdout_07__tr__delay_100,holdout,holdout_07,tr,delay_100
784,holdout__holdout_05__tr__tau_y_500,holdout,holdout_05,tr,tau_y_500
785,holdout__holdout_01__teb__delay_050,holdout,holdout_01,teb,delay_050
786,discovery__discovery_05__tr__tau_w_100,discovery,discovery_05,tr,tau_w_100
787,holdout__holdout_03__teb__tau_y_500,holdout,holdout_03,teb,tau_y_500
788,discovery__discovery_11__tr__tau_y_300,discovery,discovery_11,tr,tau_y_300
789,holdout__holdout_13__tr__tau_y_300,holdout,holdout_13,tr,tau_y_300
790,holdout__holdout_02__teb__tau_y_150,holdout,holdout_02,teb,tau_y_150
791,holdout__holdout_10__tr__tau_y_500,holdout,holdout_10,tr,tau_y_500
792,discovery__discovery_09__teb__tau_y_300,discovery,discovery_09,teb,tau_y_300
793,holdout__holdout_07__tr__tau_x_300,holdout,holdout_07,tr,tau_x_300
794,discovery__discovery_15__tr__tau_y_500,discovery,discovery_15,tr,tau_y_500
795,holdout__holdout_11__teb__tau_y_500,holdout,holdout_11,teb,tau_y_500
796,holdout__holdout_18__tr__tau_x_300,holdout,holdout_18,tr,tau_x_300
797,holdout__holdout_08__tr__delay_050,holdout,holdout_08,tr,delay_050
798,holdout__holdout_20__tr__tau_y_150,holdout,holdout_20,tr,tau_y_150
799,holdout__holdout_13__tr__tau_y_500,holdout,holdout_13,tr,tau_y_500
800,discovery__discovery_11__teb__tau_w_100,discovery,discovery_11,teb,tau_w_100
801,discovery__discovery_17__tr__delay_100,discovery,discovery_17,tr,delay_100
802,discovery__discovery_01__tr__delay_200,discovery,discovery_01,tr,delay_200
803,discovery__discovery_12__tr__e0,discovery,discovery_12,tr,e0
804,holdout__holdout_15__tr__delay_200,holdout,holdout_15,tr,delay_200
805,discovery__discovery_07__teb__tau_x_300,discovery,discovery_07,teb,tau_x_300
806,discovery__discovery_20__tr__tau_y_150,discovery,discovery_20,tr,tau_y_150
807,holdout__holdout_02__tr__delay_050,holdout,holdout_02,tr,delay_050
808,discovery__discovery_19__tr__tau_x_100,discovery,discovery_19,tr,tau_x_100
809,holdout__holdout_03__tr__tau_y_500,holdout,holdout_03,tr,tau_y_500
810,discovery__discovery_10__tr__e0,discovery,discovery_10,tr,e0
811,discovery__discovery_20__teb__tau_y_500,discovery,discovery_20,teb,tau_y_500
812,holdout__holdout_03__teb__delay_100,holdout,holdout_03,teb,delay_100
813,discovery__discovery_03__teb__e0,discovery,discovery_03,teb,e0
814,holdout__holdout_04__tr__tau_y_150,holdout,holdout_04,tr,tau_y_150
815,holdout__holdout_14__tr__tau_x_100,holdout,holdout_14,tr,tau_x_100
816,holdout__holdout_13__teb__delay_200,holdout,holdout_13,teb,delay_200
817,holdout__holdout_18__tr__tau_y_500,holdout,holdout_18,tr,tau_y_500
818,discovery__discovery_11__teb__tau_y_150,discovery,discovery_11,teb,tau_y_150
819,discovery__discovery_18__teb__tau_w_300,discovery,discovery_18,teb,tau_w_300
820,holdout__holdout_19__teb__tau_y_300,holdout,holdout_19,teb,tau_y_300
821,holdout__holdout_12__tr__e0,holdout,holdout_12,tr,e0
822,holdout__holdout_08__teb__tau_x_300,holdout,holdout_08,teb,tau_x_300
823,holdout__holdout_15__teb__tau_y_300,holdout,holdout_15,teb,tau_y_300
824,discovery__discovery_05__tr__tau_w_300,discovery,discovery_05,tr,tau_w_300
825,holdout__holdout_19__teb__tau_x_100,holdout,holdout_19,teb,tau_x_100
826,discovery__discovery_17__tr__delay_200,discovery,discovery_17,tr,delay_200
827,holdout__holdout_16__tr__delay_200,holdout,holdout_16,tr,delay_200
828,discovery__discovery_06__teb__tau_w_100,discovery,discovery_06,teb,tau_w_100
829,holdout__holdout_16__tr__delay_100,holdout,holdout_16,tr,delay_100
830,holdout__holdout_16__teb__e0,holdout,holdout_16,teb,e0
831,holdout__holdout_07__teb__tau_y_300,holdout,holdout_07,teb,tau_y_300
832,holdout__holdout_08__tr__delay_100,holdout,holdout_08,tr,delay_100
833,holdout__holdout_17__teb__delay_100,holdout,holdout_17,teb,delay_100
834,holdout__holdout_01__tr__tau_y_150,holdout,holdout_01,tr,tau_y_150
835,discovery__discovery_09__teb__e0,discovery,discovery_09,teb,e0
836,discovery__discovery_16__tr__tau_w_100,discovery,discovery_16,tr,tau_w_100
837,discovery__discovery_01__tr__tau_w_100,discovery,discovery_01,tr,tau_w_100
838,discovery__discovery_08__teb__tau_x_100,discovery,discovery_08,teb,tau_x_100
839,discovery__discovery_14__tr__delay_050,discovery,discovery_14,tr,delay_050
840,holdout__holdout_01__tr__tau_x_100,holdout,holdout_01,tr,tau_x_100
841,holdout__holdout_17__tr__delay_100,holdout,holdout_17,tr,delay_100
842,holdout__holdout_10__tr__tau_w_300,holdout,holdout_10,tr,tau_w_300
843,discovery__discovery_15__tr__e0,discovery,discovery_15,tr,e0
844,discovery__discovery_03__tr__e0,discovery,discovery_03,tr,e0
845,discovery__discovery_20__tr__tau_w_300,discovery,discovery_20,tr,tau_w_300
846,holdout__holdout_18__teb__delay_100,holdout,holdout_18,teb,delay_100
847,holdout__holdout_06__tr__tau_x_100,holdout,holdout_06,tr,tau_x_100
848,holdout__holdout_11__tr__e0,holdout,holdout_11,tr,e0
849,holdout__holdout_05__teb__tau_w_100,holdout,holdout_05,teb,tau_w_100
850,discovery__discovery_20__teb__tau_x_100,discovery,discovery_20,teb,tau_x_100
851,holdout__holdout_16__teb__tau_w_100,holdout,holdout_16,teb,tau_w_100
852,holdout__holdout_15__teb__delay_100,holdout,holdout_15,teb,delay_100
853,holdout__holdout_13__tr__delay_100,holdout,holdout_13,tr,delay_100
854,discovery__discovery_09__teb__tau_y_150,discovery,discovery_09,teb,tau_y_150
855,holdout__holdout_02__tr__tau_w_300,holdout,holdout_02,tr,tau_w_300
856,discovery__discovery_03__tr__delay_100,discovery,discovery_03,tr,delay_100
857,holdout__holdout_07__teb__tau_x_100,holdout,holdout_07,teb,tau_x_100
858,discovery__discovery_03__teb__delay_200,discovery,discovery_03,teb,delay_200
859,discovery__discovery_11__tr__tau_y_150,discovery,discovery_11,tr,tau_y_150
860,holdout__holdout_12__tr__delay_050,holdout,holdout_12,tr,delay_050
861,discovery__discovery_02__teb__e0,discovery,discovery_02,teb,e0
862,discovery__discovery_09__tr__delay_050,discovery,discovery_09,tr,delay_050
863,discovery__discovery_12__tr__tau_y_500,discovery,discovery_12,tr,tau_y_500
864,discovery__discovery_09__teb__delay_050,discovery,discovery_09,teb,delay_050
865,discovery__discovery_13__tr__delay_050,discovery,discovery_13,tr,delay_050
866,holdout__holdout_10__tr__tau_w_100,holdout,holdout_10,tr,tau_w_100
867,holdout__holdout_05__tr__delay_200,holdout,holdout_05,tr,delay_200
868,discovery__discovery_19__teb__tau_y_500,discovery,discovery_19,teb,tau_y_500
869,discovery__discovery_02__teb__tau_w_100,discovery,discovery_02,teb,tau_w_100
870,discovery__discovery_18__teb__tau_x_100,discovery,discovery_18,teb,tau_x_100
871,holdout__holdout_12__tr__delay_200,holdout,holdout_12,tr,delay_200
872,holdout__holdout_04__teb__delay_100,holdout,holdout_04,teb,delay_100
873,discovery__discovery_01__tr__e0,discovery,discovery_01,tr,e0
874,discovery__discovery_19__teb__tau_w_100,discovery,discovery_19,teb,tau_w_100
875,discovery__discovery_12__tr__tau_x_100,discovery,discovery_12,tr,tau_x_100
876,holdout__holdout_09__teb__tau_y_500,holdout,holdout_09,teb,tau_y_500
877,holdout__holdout_07__tr__tau_w_100,holdout,holdout_07,tr,tau_w_100
878,discovery__discovery_08__tr__e0,discovery,discovery_08,tr,e0
879,holdout__holdout_17__tr__delay_050,holdout,holdout_17,tr,delay_050
880,holdout__holdout_05__tr__tau_w_300,holdout,holdout_05,tr,tau_w_300
