partition,planner,profile_id,metric,n,mean,sd,median,min,max
discovery,dwa,delay_050,success,20,0.05,0.22360679774997896,0.0,0.0,1.0
discovery,dwa,delay_050,collision,20,0.05,0.22360679774997888,0.0,0.0,1.0
discovery,dwa,delay_050,timeout,20,0.45,0.5104177855340405,0.0,0.0,1.0
discovery,dwa,delay_050,planner_failure,20,0.45,0.5104177855340405,0.0,0.0,1.0
discovery,dwa,delay_050,capped_time_to_termination,20,18.178500000000955,13.183343268566807,25.090000000001123,0.8500000000000005,30.00000000000189
discovery,dwa,delay_050,path_length,20,0.8123812128957708,1.4983725698095682,0.10330025774373841,0.060793762754946544,6.027594410152955
discovery,dwa,delay_050,min_clearance,20,0.5598057595265995,0.33221149740068084,0.5605660548902883,0.0,1.4716828856569322
discovery,dwa,delay_050,final_xy_error,20,4.319965250683486,1.1230606804877388,4.789388221964771,0.07507363390849384,4.803673914255166
discovery,dwa,delay_100,success,20,0.05,0.22360679774997885,0.0,0.0,1.0
discovery,dwa,delay_100,collision,20,0.0,0.0,0.0,0.0,0.0
discovery,dwa,delay_100,timeout,20,0.45,0.5104177855340405,0.0,0.0,1.0
discovery,dwa,delay_100,planner_failure,20,0.5,0.512989176042577,0.5,0.0,1.0
discovery,dwa,delay_100,capped_time_to_termination,20,19.5750000000009,11.79563367031332,20.700000000000436,0.9000000000000006,30.00000000000189
discovery,dwa,delay_100,path_length,20,0.9420217938995672,1.6642886890383846,0.10753009517542378,0.022803454559040807,6.674118409145739
discovery,dwa,delay_100,min_clearance,20,0.5565609760708418,0.3380121705773501,0.5976041659140718,0.04493864866880428,1.4706897545274167
discovery,dwa,delay_100,final_xy_error,20,4.077585339202695,1.3227144294318658,4.799886964378005,0.07765866760972055,4.80218548367512
discovery,dwa,delay_200,success,20,0.0,0.0,0.0,0.0,0.0
discovery,dwa,delay_200,collision,20,0.0,0.0,0.0,0.0,0.0
discovery,dwa,delay_200,timeout,20,0.55,0.5104177855340405,1.0,0.0,1.0
discovery,dwa,delay_200,planner_failure,20,0.45,0.5104177855340406,0.0,0.0,1.0
discovery,dwa,delay_200,capped_time_to_termination,20,21.532500000001143,11.404457519575805,30.00000000000189,1.6000000000000012,30.00000000000189
discovery,dwa,delay_200,path_length,20,1.2980613950497428,1.7340000214837723,0.13957934413755035,0.06160157427554287,5.272097263440414
discovery,dwa,delay_200,min_clearance,20,0.4959934778932212,0.3477083081207617,0.5605660548902883,0.02002941865349565,1.4686857704011862
discovery,dwa,delay_200,final_xy_error,20,3.8355361709687985,1.5160084546717727,4.778649659420657,0.12410114877262231,4.804322281281297
discovery,dwa,e0,success,20,0.05,0.22360679774997888,0.0,0.0,1.0
discovery,dwa,e0,collision,20,0.05,0.22360679774997888,0.0,0.0,1.0
discovery,dwa,e0,timeout,20,0.9,0.30779350562554625,1.0,0.0,1.0
discovery,dwa,e0,planner_failure,20,0.0,0.0,0.0,0.0,0.0
discovery,dwa,e0,capped_time_to_termination,20,28.954500000001723,3.319025657597862,30.00000000000189,17.039999999999864,30.00000000000189
discovery,dwa,e0,path_length,20,0.8324115342215771,1.4505607379160934,0.29686420154556653,0.08043681154258775,5.983349324180807
discovery,dwa,e0,min_clearance,20,0.566627787956016,0.33170337818787093,0.5649602451117411,0.0,1.47510436969883
discovery,dwa,e0,final_xy_error,20,4.400313100772109,1.082080193224495,4.750728787406146,0.07720861542721656,4.802087381230043
discovery,dwa,tau_w_100,success,20,0.05,0.22360679774997894,0.0,0.0,1.0
discovery,dwa,tau_w_100,collision,20,0.0,0.0,0.0,0.0,0.0
discovery,dwa,tau_w_100,timeout,20,0.95,0.22360679774997902,1.0,0.0,1.0
discovery,dwa,tau_w_100,planner_failure,20,0.0,0.0,0.0,0.0,0.0
discovery,dwa,tau_w_100,capped_time_to_termination,20,29.404000000001794,2.6653930291801666,30.00000000000189,18.080000000000027,30.00000000000189
discovery,dwa,tau_w_100,path_length,20,0.8675971424357962,1.4858289418645412,0.37930497239196737,0.10350131892526561,5.972733098627373
discovery,dwa,tau_w_100,min_clearance,20,0.5798301599863365,0.3090340375899287,0.5676682503431505,0.03625250429512472,1.4773985424777225
discovery,dwa,tau_w_100,final_xy_error,20,4.376043318265161,1.1192270651569098,4.79937960160367,0.07737176182514689,4.846350580980265
discovery,dwa,tau_w_300,success,20,0.15,0.36634754853252316,0.0,0.0,1.0
discovery,dwa,tau_w_300,collision,20,0.05,0.2236067977499789,0.0,0.0,1.0
discovery,dwa,tau_w_300,timeout,20,0.8,0.41039134083406165,1.0,0.0,1.0
discovery,dwa,tau_w_300,planner_failure,20,0.0,0.0,0.0,0.0,0.0
discovery,dwa,tau_w_300,capped_time_to_termination,20,28.072000000001673,5.674855527955226,30.00000000000189,6.229999999999912,30.00000000000189
discovery,dwa,tau_w_300,path_length,20,2.957286015854069,1.8182363687578071,2.883943008800377,0.36990387999414165,6.751955661632554
discovery,dwa,tau_w_300,min_clearance,20,0.2678296619370857,0.25475560376600226,0.1732854829603359,0.0,0.9406879862382822
discovery,dwa,tau_w_300,final_xy_error,20,2.7019167975870664,1.541432646728219,3.198257044102851,0.07821751782041561,4.788035235269964
discovery,dwa,tau_x_100,success,20,0.1,0.30779350562554625,0.0,0.0,1.0
discovery,dwa,tau_x_100,collision,20,0.0,0.0,0.0,0.0,0.0
discovery,dwa,tau_x_100,timeout,20,0.9,0.30779350562554625,1.0,0.0,1.0
discovery,dwa,tau_x_100,planner_failure,20,0.0,0.0,0.0,0.0,0.0
discovery,dwa,tau_x_100,capped_time_to_termination,20,29.30550000000178,2.9054204786738493,30.00000000000189,16.989999999999856,30.00000000000189
discovery,dwa,tau_x_100,path_length,20,0.9726198451736732,1.9106264130358337,0.12779152653451933,0.08024138001756845,6.02625175772185
discovery,dwa,tau_x_100,min_clearance,20,0.5805895726280565,0.30712877070422184,0.5752592414230258,0.09830488733253633,1.4699377881288886
discovery,dwa,tau_x_100,final_xy_error,20,4.225632012396795,1.4536403305286147,4.792724738907394,0.07269676873468393,4.83973905106104
discovery,dwa,tau_x_300,success,20,0.1,0.30779350562554625,0.0,0.0,1.0
discovery,dwa,tau_x_300,collision,20,0.0,0.0,0.0,0.0,0.0
discovery,dwa,tau_x_300,timeout,20,0.9,0.30779350562554625,1.0,0.0,1.0
discovery,dwa,tau_x_300,planner_failure,20,0.0,0.0,0.0,0.0,0.0
discovery,dwa,tau_x_300,capped_time_to_termination,20,29.4645000000018,1.6730573180481776,30.00000000000189,23.760000000000915,30.00000000000189
discovery,dwa,tau_x_300,path_length,20,1.2432848842163395,2.4843298059776946,0.08880162185125437,0.05226722964506285,7.506710065391809
discovery,dwa,tau_x_300,min_clearance,20,0.5945997562015128,0.3022643061409003,0.5792561307795085,0.1340459422518406,1.4744131678580215
discovery,dwa,tau_x_300,final_xy_error,20,4.074820728262091,1.7150060560391505,4.798783632366292,0.027099572318038917,4.847191900628959
discovery,dwa,tau_y_150,success,20,0.3,0.47016234598162715,0.0,0.0,1.0
discovery,dwa,tau_y_150,collision,20,0.0,0.0,0.0,0.0,0.0
discovery,dwa,tau_y_150,timeout,20,0.7,0.47016234598162715,1.0,0.0,1.0
discovery,dwa,tau_y_150,planner_failure,20,0.0,0.0,0.0,0.0,0.0
discovery,dwa,tau_y_150,capped_time_to_termination,20,26.160000000001297,6.085037732877062,30.00000000000189,14.72999999999973,30.00000000000189
discovery,dwa,tau_y_150,path_length,20,3.154928411143139,1.9507217422195562,2.923447323165543,0.4114496888617774,6.562281431756557
discovery,dwa,tau_y_150,min_clearance,20,0.2544546129058386,0.22565201229126086,0.17143865678280903,0.014712357048907474,0.7947405481796124
discovery,dwa,tau_y_150,final_xy_error,20,2.4046152271742605,1.7527573986346145,2.8874941495478152,0.07418101876541468,4.80090004381641
discovery,dwa,tau_y_300,success,20,0.15,0.36634754853252316,0.0,0.0,1.0
discovery,dwa,tau_y_300,collision,20,0.0,0.0,0.0,0.0,0.0
discovery,dwa,tau_y_300,timeout,20,0.85,0.36634754853252316,1.0,0.0,1.0
discovery,dwa,tau_y_300,planner_failure,20,0.0,0.0,0.0,0.0,0.0
discovery,dwa,tau_y_300,capped_time_to_termination,20,28.67250000000168,3.548682298070019,30.00000000000189,17.77999999999998,30.00000000000189
discovery,dwa,tau_y_300,path_length,20,1.758213323167492,2.245436713684381,0.48866273119617454,0.1320295164372248,6.626835351854701
discovery,dwa,tau_y_300,min_clearance,20,0.4978320263085447,0.33571440099659994,0.533571385962196,0.05731942077847475,1.465431445143472
discovery,dwa,tau_y_300,final_xy_error,20,3.5957069782145608,1.7544007221697993,4.764664524076741,0.07416992468281554,4.799915338987383
discovery,dwa,tau_y_500,success,20,0.1,0.30779350562554625,0.0,0.0,1.0
discovery,dwa,tau_y_500,collision,20,0.0,0.0,0.0,0.0,0.0
discovery,dwa,tau_y_500,timeout,20,0.9,0.30779350562554625,1.0,0.0,1.0
discovery,dwa,tau_y_500,planner_failure,20,0.0,0.0,0.0,0.0,0.0
discovery,dwa,tau_y_500,capped_time_to_termination,20,29.485500000001803,1.5868919473714542,30.00000000000189,24.540000000001037,30.00000000000189
discovery,dwa,tau_y_500,path_length,20,1.5306569561895447,2.0757631180873086,0.39181516405931216,0.14694983650681062,6.983645801317894
discovery,dwa,tau_y_500,min_clearance,20,0.5222932644727974,0.3341570201017071,0.5518463353807999,0.09782677377661889,1.460993943270171
discovery,dwa,tau_y_500,final_xy_error,20,3.7795154280151984,1.564930024557372,4.786073864726401,0.06550853032409754,4.80096935748661
discovery,teb,delay_050,success,20,0.95,0.22360679774997907,1.0,0.0,1.0
discovery,teb,delay_050,collision,20,0.0,0.0,0.0,0.0,0.0
discovery,teb,delay_050,timeout,20,0.0,0.0,0.0,0.0,0.0
discovery,teb,delay_050,planner_failure,20,0.05,0.22360679774997888,0.0,0.0,1.0
discovery,teb,delay_050,capped_time_to_termination,20,13.753499999999757,2.39306294592468,14.574999999999733,5.34999999999993,16.809999999999828
discovery,teb,delay_050,path_length,20,5.682279429386659,0.9353590915552011,5.9035441627906895,2.2138342248562353,6.646587988525394
discovery,teb,delay_050,min_clearance,20,0.13759421785408726,0.049105645717313906,0.1406741365655591,0.04915422913449677,0.21137131706117984
discovery,teb,delay_050,final_xy_error,20,0.19468081924802197,0.6802156937543646,0.04108291117056388,0.003866762466368159,3.0819638529804214
discovery,teb,delay_100,success,20,0.95,0.22360679774997905,1.0,0.0,1.0
discovery,teb,delay_100,collision,20,0.0,0.0,0.0,0.0,0.0
discovery,teb,delay_100,timeout,20,0.0,0.0,0.0,0.0,0.0
discovery,teb,delay_100,planner_failure,20,0.05,0.22360679774997888,0.0,0.0,1.0
discovery,teb,delay_100,capped_time_to_termination,20,15.374999999999824,2.86151505693275,16.159999999999727,5.799999999999921,18.88000000000015
discovery,teb,delay_100,path_length,20,5.731775360728878,0.9473273523938842,5.956723367931701,2.2271297368836884,6.734304921513844
discovery,teb,delay_100,min_clearance,20,0.12674251665057817,0.058766453379179566,0.1375669253219969,0.014278036118498556,0.2033100427655972
discovery,teb,delay_100,final_xy_error,20,0.1969739714796939,0.6764009913299271,0.04999064514661242,0.0011319618201111156,3.0682435294758688
discovery,teb,delay_200,success,20,0.8,0.4103913408340617,1.0,0.0,1.0
discovery,teb,delay_200,collision,20,0.0,0.0,0.0,0.0,0.0
discovery,teb,delay_200,timeout,20,0.0,0.0,0.0,0.0,0.0
discovery,teb,delay_200,planner_failure,20,0.2,0.4103913408340617,0.0,0.0,1.0
discovery,teb,delay_200,capped_time_to_termination,20,18.01800000000025,5.157080569469808,18.675000000000118,7.099999999999893,24.89000000000109
discovery,teb,delay_200,path_length,20,5.393987158496946,1.468150168674834,5.816179403347968,1.938009474601547,6.881723405033753
discovery,teb,delay_200,min_clearance,20,0.09507693738446775,0.05905914352930515,0.09079954177431464,0.002440124802262926,0.203389763055099
discovery,teb,delay_200,final_xy_error,20,0.5867163383619858,1.116399707089246,0.07910139062358346,0.01433789773874557,3.3635054713877817
discovery,teb,e0,success,20,0.9,0.30779350562554625,1.0,0.0,1.0
discovery,teb,e0,collision,20,0.0,0.0,0.0,0.0,0.0
discovery,teb,e0,timeout,20,0.0,0.0,0.0,0.0,0.0
discovery,teb,e0,planner_failure,20,0.1,0.30779350562554625,0.0,0.0,1.0
discovery,teb,e0,capped_time_to_termination,20,12.341999999999782,2.5992541440311046,13.38499999999976,5.099999999999936,15.309999999999718
discovery,teb,e0,path_length,20,5.46766062369936,1.1234818277325507,5.801654811584282,2.20443048428666,6.613477279267236
discovery,teb,e0,min_clearance,20,0.14149742685304595,0.055150432690538674,0.14929748722753716,0.045336762252608076,0.24205502402866938
discovery,teb,e0,final_xy_error,20,0.3328961146022275,0.8830839044202246,0.059846509194161096,0.013155129464635085,3.092774529204049
discovery,teb,tau_w_100,success,20,0.9,0.30779350562554625,1.0,0.0,1.0
discovery,teb,tau_w_100,collision,20,0.0,0.0,0.0,0.0,0.0
discovery,teb,tau_w_100,timeout,20,0.0,0.0,0.0,0.0,0.0
discovery,teb,tau_w_100,planner_failure,20,0.1,0.30779350562554625,0.0,0.0,1.0
discovery,teb,tau_w_100,capped_time_to_termination,20,13.629499999999771,3.060730004083083,14.23499999999974,5.599999999999925,16.95999999999985
discovery,teb,tau_w_100,path_length,20,5.451757921912422,1.117285510146006,5.806062440058064,2.2233173285209458,6.575791072716527
discovery,teb,tau_w_100,min_clearance,20,0.1441054627792365,0.0476890739567188,0.1555074768538452,0.06292132639306144,0.2431185379329696
discovery,teb,tau_w_100,final_xy_error,20,0.3318821605756686,0.883828518327394,0.05289945705517066,0.016275046765051843,3.0801108227348215
discovery,teb,tau_w_300,success,20,0.9,0.30779350562554625,1.0,0.0,1.0
discovery,teb,tau_w_300,collision,20,0.0,0.0,0.0,0.0,0.0
discovery,teb,tau_w_300,timeout,20,0.0,0.0,0.0,0.0,0.0
discovery,teb,tau_w_300,planner_failure,20,0.1,0.30779350562554625,0.0,0.0,1.0
discovery,teb,tau_w_300,capped_time_to_termination,20,18.951500000000355,5.51303839714784,19.160000000000196,6.549999999999905,27.460000000001493
discovery,teb,tau_w_300,path_length,20,5.438682315745499,1.1122321225909044,5.802686923504266,2.206598571637553,6.563496583704724
discovery,teb,tau_w_300,min_clearance,20,0.12455897599776107,0.04870033382898226,0.12510625604337183,0.024193718581711755,0.1900260293705465
discovery,teb,tau_w_300,final_xy_error,20,0.32855471319114155,0.8809531929507274,0.042174467808228214,0.014181248284851632,3.0819842470828083
discovery,teb,tau_x_100,success,20,0.95,0.22360679774997896,1.0,0.0,1.0
discovery,teb,tau_x_100,collision,20,0.0,0.0,0.0,0.0,0.0
discovery,teb,tau_x_100,timeout,20,0.0,0.0,0.0,0.0,0.0
discovery,teb,tau_x_100,planner_failure,20,0.05,0.22360679774997896,0.0,0.0,1.0
discovery,teb,tau_x_100,capped_time_to_termination,20,13.098499999999763,2.2076071232277967,13.964999999999748,5.399999999999929,15.739999999999709
discovery,teb,tau_x_100,path_length,20,5.674792874068647,0.9335381247307594,5.903656258718549,2.227612460487033,6.617656722081615
discovery,teb,tau_x_100,min_clearance,20,0.14546949375882626,0.045918025482216684,0.16185712704332694,0.0566704499664068,0.21265929887070045
discovery,teb,tau_x_100,final_xy_error,20,0.20778226458267413,0.6746308959880412,0.06321248447434313,0.018737743316133613,3.072797785329325
discovery,teb,tau_x_300,success,20,0.85,0.3663475485325232,1.0,0.0,1.0
discovery,teb,tau_x_300,collision,20,0.0,0.0,0.0,0.0,0.0
discovery,teb,tau_x_300,timeout,20,0.0,0.0,0.0,0.0,0.0
discovery,teb,tau_x_300,planner_failure,20,0.15,0.3663475485325232,0.0,0.0,1.0
discovery,teb,tau_x_300,capped_time_to_termination,20,13.947999999999857,4.017533414527175,14.669999999999732,5.34999999999993,19.280000000000214
discovery,teb,tau_x_300,path_length,20,5.374339715465193,1.5222281999316143,5.999046440941681,1.4307976657180164,6.973744057466727
discovery,teb,tau_x_300,min_clearance,20,0.14032089882222837,0.050572648721634146,0.15371354923473737,0.06043241535591497,0.21531284051079871
discovery,teb,tau_x_300,final_xy_error,20,0.5798739947556052,1.2814684606266058,0.07792110785300521,0.017857498851746523,4.54075654515212
discovery,teb,tau_y_150,success,20,0.9,0.30779350562554625,1.0,0.0,1.0
discovery,teb,tau_y_150,collision,20,0.0,0.0,0.0,0.0,0.0
discovery,teb,tau_y_150,timeout,20,0.0,0.0,0.0,0.0,0.0
discovery,teb,tau_y_150,planner_failure,20,0.1,0.30779350562554625,0.0,0.0,1.0
discovery,teb,tau_y_150,capped_time_to_termination,20,13.230999999999762,2.9094942588197203,13.929999999999747,4.999999999999938,16.209999999999734
discovery,teb,tau_y_150,path_length,20,5.534208239296637,1.1507656980636993,5.922338114375636,2.18169500128483,6.691670700353945
discovery,teb,tau_y_150,min_clearance,20,0.13082754033595967,0.05680167794144148,0.14163713926523425,0.009016929455384152,0.20900103272439913
discovery,teb,tau_y_150,final_xy_error,20,0.33781821159503334,0.8809729696054414,0.06347624618271458,0.00800147290353501,3.084619294895893
discovery,teb,tau_y_300,success,20,0.9,0.30779350562554625,1.0,0.0,1.0
discovery,teb,tau_y_300,collision,20,0.0,0.0,0.0,0.0,0.0
discovery,teb,tau_y_300,timeout,20,0.0,0.0,0.0,0.0,0.0
discovery,teb,tau_y_300,planner_failure,20,0.1,0.30779350562554625,0.0,0.0,1.0
discovery,teb,tau_y_300,capped_time_to_termination,20,15.170999999999832,3.1220892127919626,15.694999999999709,5.749999999999922,20.60000000000042
discovery,teb,tau_y_300,path_length,20,5.666278191269624,1.0051435367579236,5.966404202733504,2.281573184184018,6.735996798708099
discovery,teb,tau_y_300,min_clearance,20,0.1135474247175546,0.0556663149644301,0.12444405051318327,0.004115228016152908,0.19487280109714436
discovery,teb,tau_y_300,final_xy_error,20,0.28841076528454984,0.7370956038728868,0.07576514620961694,0.010799567510953564,3.0470201322480013
discovery,teb,tau_y_500,success,20,0.8,0.41039134083406165,1.0,0.0,1.0
discovery,teb,tau_y_500,collision,20,0.1,0.30779350562554625,0.0,0.0,1.0
discovery,teb,tau_y_500,timeout,20,0.0,0.0,0.0,0.0,0.0
discovery,teb,tau_y_500,planner_failure,20,0.1,0.30779350562554625,0.0,0.0,1.0
discovery,teb,tau_y_500,capped_time_to_termination,20,16.602000000000068,4.575833084920679,17.70999999999997,5.799999999999921,22.77000000000076
discovery,teb,tau_y_500,path_length,20,5.441685655593387,1.256307692469704,5.764405583790793,2.235971484326988,6.682715531192445
discovery,teb,tau_y_500,min_clearance,20,0.09501452486180766,0.053157710849760655,0.10874391405235861,0.0,0.16875149609957976
discovery,teb,tau_y_500,final_xy_error,20,0.5237398691899441,0.9842260387319322,0.07854736335299871,0.016729520919628725,3.1014355259865
holdout,dwa,delay_050,success,20,0.0,0.0,0.0,0.0,0.0
holdout,dwa,delay_050,collision,20,0.0,0.0,0.0,0.0,0.0
holdout,dwa,delay_050,timeout,20,0.65,0.48936048492959283,1.0,0.0,1.0
holdout,dwa,delay_050,planner_failure,20,0.35,0.48936048492959283,0.0,0.0,1.0
holdout,dwa,delay_050,capped_time_to_termination,20,20.060000000001224,13.897837772001363,30.00000000000189,1.6000000000000012,30.00000000000189
holdout,dwa,delay_050,path_length,20,0.37220815601010915,0.7520165539893547,0.10330025774373841,0.060793762754946544,2.7639358209125784
holdout,dwa,delay_050,min_clearance,20,0.5955529887332347,0.2935143445773542,0.6189893247552498,0.05279846917402481,1.3976242240143597
holdout,dwa,delay_050,final_xy_error,20,4.604497971143799,0.536058952655755,4.7948989676797185,2.800876602127678,4.800409713394666
holdout,dwa,delay_100,success,20,0.1,0.30779350562554625,0.0,0.0,1.0
holdout,dwa,delay_100,collision,20,0.0,0.0,0.0,0.0,0.0
holdout,dwa,delay_100,timeout,20,0.65,0.48936048492959283,1.0,0.0,1.0
holdout,dwa,delay_100,planner_failure,20,0.25,0.4442616583193193,0.0,0.0,1.0
holdout,dwa,delay_100,capped_time_to_termination,20,26.027500000001385,7.207826064699221,30.00000000000189,2.149999999999998,30.00000000000189
holdout,dwa,delay_100,path_length,20,1.085609664060687,1.622633007414214,0.10753009517542378,0.022803454559040807,5.131759102488289
holdout,dwa,delay_100,min_clearance,20,0.4689047924576323,0.35055164469136796,0.46548006548325566,0.02326284185066374,1.3967347853335215
holdout,dwa,delay_100,final_xy_error,20,3.860826097507856,1.5443798570962033,4.791006839771708,0.06749678428037695,4.799886964378005
holdout,dwa,delay_200,success,20,0.0,0.0,0.0,0.0,0.0
holdout,dwa,delay_200,collision,20,0.0,0.0,0.0,0.0,0.0
holdout,dwa,delay_200,timeout,20,0.6,0.5026246899500346,1.0,0.0,1.0
holdout,dwa,delay_200,planner_failure,20,0.4,0.5026246899500346,0.0,0.0,1.0
holdout,dwa,delay_200,capped_time_to_termination,20,26.142500000001398,6.509088282022712,30.00000000000189,2.849999999999983,30.00000000000189
holdout,dwa,delay_200,path_length,20,1.2977119290630903,1.6300257511348326,0.11073616392538553,0.06160157427554287,5.185650348653374
holdout,dwa,delay_200,min_clearance,20,0.4430985162212256,0.3622066714747896,0.4179022038099105,0.0039655100941811735,1.3886206275341793
holdout,dwa,delay_200,final_xy_error,20,3.681446902008596,1.5103267785340442,4.778649659420657,0.18986996866770406,4.798693959698342
holdout,dwa,e0,success,20,0.0,0.0,0.0,0.0,0.0
holdout,dwa,e0,collision,20,0.0,0.0,0.0,0.0,0.0
holdout,dwa,e0,timeout,20,1.0,0.0,1.0,1.0,1.0
holdout,dwa,e0,planner_failure,20,0.0,0.0,0.0,0.0,0.0
holdout,dwa,e0,capped_time_to_termination,20,30.000000000001886,3.645007325606123e-15,30.00000000000189,30.00000000000189,30.00000000000189
holdout,dwa,e0,path_length,20,0.4286736394595997,0.6946864056383619,0.18865050654407714,0.08043681154258775,2.7172098771740227
holdout,dwa,e0,min_clearance,20,0.5876914241571766,0.296986379538491,0.5972912560953929,0.060852266956320435,1.3983885873927713
holdout,dwa,e0,final_xy_error,20,4.597399936540611,0.523026843045708,4.775535877594551,2.792945207502556,4.800342967782957
holdout,dwa,tau_w_100,success,20,0.0,0.0,0.0,0.0,0.0
holdout,dwa,tau_w_100,collision,20,0.0,0.0,0.0,0.0,0.0
holdout,dwa,tau_w_100,timeout,20,1.0,0.0,1.0,1.0,1.0
holdout,dwa,tau_w_100,planner_failure,20,0.0,0.0,0.0,0.0,0.0
holdout,dwa,tau_w_100,capped_time_to_termination,20,30.000000000001886,3.645007325606123e-15,30.00000000000189,30.00000000000189,30.00000000000189
holdout,dwa,tau_w_100,path_length,20,0.44443323730013506,0.6963874903709645,0.24140314565861648,0.10350131892526561,2.8737582197838676
holdout,dwa,tau_w_100,min_clearance,20,0.5821300997606668,0.29768915320304856,0.6000748605817519,0.042579036771993824,1.3867780025917795
holdout,dwa,tau_w_100,final_xy_error,20,4.617239823792991,0.5192144721133047,4.79937960160367,2.8348544577920394,4.846350580980265
holdout,dwa,tau_w_300,success,20,0.05,0.2236067977499789,0.0,0.0,1.0
holdout,dwa,tau_w_300,collision,20,0.0,0.0,0.0,0.0,0.0
holdout,dwa,tau_w_300,timeout,20,0.9,0.30779350562554625,1.0,0.0,1.0
holdout,dwa,tau_w_300,planner_failure,20,0.05,0.22360679774997888,0.0,0.0,1.0
holdout,dwa,tau_w_300,capped_time_to_termination,20,28.762000000001755,4.775098345639672,30.00000000000189,8.749999999999858,30.00000000000189
holdout,dwa,tau_w_300,path_length,20,2.0395256208880737,1.1355668444823472,1.9219958950466125,0.16099556378639623,5.199003236333173
holdout,dwa,tau_w_300,min_clearance,20,0.2771669871543784,0.1502656009133134,0.2958181323328065,0.006626239858530158,0.5095880349580886
holdout,dwa,tau_w_300,final_xy_error,20,3.299821816528948,1.0658613498020233,3.3504169666367103,0.07729414459753153,4.737872958385285
holdout,dwa,tau_x_100,success,20,0.0,0.0,0.0,0.0,0.0
holdout,dwa,tau_x_100,collision,20,0.0,0.0,0.0,0.0,0.0
holdout,dwa,tau_x_100,timeout,20,1.0,0.0,1.0,1.0,1.0
holdout,dwa,tau_x_100,planner_failure,20,0.0,0.0,0.0,0.0,0.0
holdout,dwa,tau_x_100,capped_time_to_termination,20,30.000000000001886,3.645007325606123e-15,30.00000000000189,30.00000000000189,30.00000000000189
holdout,dwa,tau_x_100,path_length,20,0.10383282016078617,0.025425357996815993,0.09648739664004247,0.08024138001756845,0.1542350907733699
holdout,dwa,tau_x_100,min_clearance,20,0.6316916023421515,0.23832035269315097,0.6164228521921995,0.3516101145199447,1.3801112520922225
holdout,dwa,tau_x_100,final_xy_error,20,4.77874998483234,0.02722925637156709,4.797483142941365,4.749535392668288,4.83973905106104
holdout,dwa,tau_x_300,success,20,0.0,0.0,0.0,0.0,0.0
holdout,dwa,tau_x_300,collision,20,0.0,0.0,0.0,0.0,0.0
holdout,dwa,tau_x_300,timeout,20,1.0,0.0,1.0,1.0,1.0
holdout,dwa,tau_x_300,planner_failure,20,0.0,0.0,0.0,0.0,0.0
holdout,dwa,tau_x_300,capped_time_to_termination,20,30.000000000001886,3.645007325606123e-15,30.00000000000189,30.00000000000189,30.00000000000189
holdout,dwa,tau_x_300,path_length,20,0.08711100826367392,0.07217634658754317,0.08880162185125437,0.05226722964506285,0.3837988799553691
holdout,dwa,tau_x_300,min_clearance,20,0.6398458517763033,0.23550927556527973,0.6149913481619806,0.3789200887172612,1.395372006279701
holdout,dwa,tau_x_300,final_xy_error,20,4.801204782940273,0.010824254353896655,4.7987983755832255,4.7987688891493585,4.847191900628959
holdout,dwa,tau_y_150,success,20,0.3,0.47016234598162715,0.0,0.0,1.0
holdout,dwa,tau_y_150,collision,20,0.0,0.0,0.0,0.0,0.0
holdout,dwa,tau_y_150,timeout,20,0.7,0.47016234598162715,1.0,0.0,1.0
holdout,dwa,tau_y_150,planner_failure,20,0.0,0.0,0.0,0.0,0.0
holdout,dwa,tau_y_150,capped_time_to_termination,20,25.881000000001258,6.4841092396405315,30.00000000000189,14.899999999999727,30.00000000000189
holdout,dwa,tau_y_150,path_length,20,2.9968959545652476,1.6093234322052064,2.1831385243255728,0.9825796741759477,6.118325885694948
holdout,dwa,tau_y_150,min_clearance,20,0.21656691344421106,0.182239365489975,0.14709973287635286,0.024059408297117724,0.7282460796502412
holdout,dwa,tau_y_150,final_xy_error,20,2.4100347674283964,1.6570398370559472,2.9670591972500935,0.07547519010306328,4.441766501379751
holdout,dwa,tau_y_300,success,20,0.0,0.0,0.0,0.0,0.0
holdout,dwa,tau_y_300,collision,20,0.0,0.0,0.0,0.0,0.0
holdout,dwa,tau_y_300,timeout,20,0.95,0.22360679774997902,1.0,0.0,1.0
holdout,dwa,tau_y_300,planner_failure,20,0.05,0.22360679774997894,0.0,0.0,1.0
holdout,dwa,tau_y_300,capped_time_to_termination,20,29.03000000000178,4.337971876350056,30.00000000000189,10.599999999999818,30.00000000000189
holdout,dwa,tau_y_300,path_length,20,1.149766186179094,1.1945214553010877,0.16423363719129794,0.1320295164372248,3.1252242828748256
holdout,dwa,tau_y_300,min_clearance,20,0.44583088758082745,0.35977095862264696,0.39745142051650073,0.021019199610409878,1.3974524357318103
holdout,dwa,tau_y_300,final_xy_error,20,3.978885781425035,1.0047417336554056,4.78611757824023,2.1796801002855815,4.799915338987383
holdout,dwa,tau_y_500,success,20,0.0,0.0,0.0,0.0,0.0
holdout,dwa,tau_y_500,collision,20,0.0,0.0,0.0,0.0,0.0
holdout,dwa,tau_y_500,timeout,20,1.0,0.0,1.0,1.0,1.0
holdout,dwa,tau_y_500,planner_failure,20,0.0,0.0,0.0,0.0,0.0
holdout,dwa,tau_y_500,capped_time_to_termination,20,30.000000000001886,3.645007325606123e-15,30.00000000000189,30.00000000000189,30.00000000000189
holdout,dwa,tau_y_500,path_length,20,1.0867736354198374,1.0924111209733083,0.2693825002830614,0.14694983650681062,2.9228906181124015
holdout,dwa,tau_y_500,min_clearance,20,0.46646390078838423,0.33864851829312287,0.4145784098473516,0.0601028802296676,1.3814459027030732
holdout,dwa,tau_y_500,final_xy_error,20,4.031634853906376,0.9240181313727934,4.7917797000278455,2.401482585304721,4.797485535329291
holdout,teb,delay_050,success,20,0.9,0.30779350562554625,1.0,0.0,1.0
holdout,teb,delay_050,collision,20,0.0,0.0,0.0,0.0,0.0
holdout,teb,delay_050,timeout,20,0.0,0.0,0.0,0.0,0.0
holdout,teb,delay_050,planner_failure,20,0.1,0.30779350562554625,0.0,0.0,1.0
holdout,teb,delay_050,capped_time_to_termination,20,12.052499999999785,2.7948804230140216,12.42499999999978,3.4499999999999704,15.419999999999716
holdout,teb,delay_050,path_length,20,5.115083989881826,1.1592118212778377,5.334504019335543,1.4075582114639356,6.473794737847201
holdout,teb,delay_050,min_clearance,20,0.13465175716494168,0.05785922991650563,0.12224335325166125,0.03998882026550492,0.24140756823383558
holdout,teb,delay_050,final_xy_error,20,0.3696796913440273,0.9498458355869719,0.07357990429655005,0.001122153918139633,3.458262483352853
holdout,teb,delay_100,success,20,0.9,0.30779350562554625,1.0,0.0,1.0
holdout,teb,delay_100,collision,20,0.0,0.0,0.0,0.0,0.0
holdout,teb,delay_100,timeout,20,0.0,0.0,0.0,0.0,0.0
holdout,teb,delay_100,planner_failure,20,0.1,0.30779350562554625,0.0,0.0,1.0
holdout,teb,delay_100,capped_time_to_termination,20,13.494999999999783,3.2482003114274947,14.374999999999737,3.799999999999963,17.64999999999996
holdout,teb,delay_100,path_length,20,5.174834865070059,1.16954692261253,5.376381601693614,1.4787577178063318,6.5501640798483916
holdout,teb,delay_100,min_clearance,20,0.12515310726162518,0.047958344028129395,0.13549186091160997,0.016049115024586922,0.20774863196328439
holdout,teb,delay_100,final_xy_error,20,0.3678880855414228,0.941479034393192,0.0759949288982901,0.02025942011925439,3.402538893096547
holdout,teb,delay_200,success,20,0.8,0.41039134083406165,1.0,0.0,1.0
holdout,teb,delay_200,collision,20,0.0,0.0,0.0,0.0,0.0
holdout,teb,delay_200,timeout,20,0.0,0.0,0.0,0.0,0.0
holdout,teb,delay_200,planner_failure,20,0.2,0.41039134083406165,0.0,0.0,1.0
holdout,teb,delay_200,capped_time_to_termination,20,16.34900000000007,5.004911166991471,17.67499999999996,4.89999999999994,22.660000000000743
holdout,teb,delay_200,path_length,20,5.0749036951782465,1.3580511865343003,5.506144268549546,1.560581594869972,6.747109752649698
holdout,teb,delay_200,min_clearance,20,0.10518038362535971,0.04805824151883999,0.11177651604093797,0.025048191323431182,0.1929205191694283
holdout,teb,delay_200,final_xy_error,20,0.6027886497408252,1.1179548022759787,0.07914465869579912,0.03312457174521806,3.3297832082324783
holdout,teb,e0,success,20,0.9,0.30779350562554625,1.0,0.0,1.0
holdout,teb,e0,collision,20,0.0,0.0,0.0,0.0,0.0
holdout,teb,e0,timeout,20,0.0,0.0,0.0,0.0,0.0
holdout,teb,e0,planner_failure,20,0.1,0.30779350562554625,0.0,0.0,1.0
holdout,teb,e0,capped_time_to_termination,20,11.277499999999804,2.5279217072319433,11.684999999999796,3.5999999999999672,14.669999999999732
holdout,teb,e0,path_length,20,5.0821128560378686,1.119943520900212,5.282735991926636,1.5909170230419571,6.419905590320217
holdout,teb,e0,min_clearance,20,0.136950201215757,0.055934510564256704,0.1537374786555213,0.010554967022965281,0.23047069839367157
holdout,teb,e0,final_xy_error,20,0.36211388383822285,0.92110114697277,0.07648644288112888,0.013980248722179784,3.3086687798132424
holdout,teb,tau_w_100,success,20,0.9,0.30779350562554625,1.0,0.0,1.0
holdout,teb,tau_w_100,collision,20,0.0,0.0,0.0,0.0,0.0
holdout,teb,tau_w_100,timeout,20,0.0,0.0,0.0,0.0,0.0
holdout,teb,tau_w_100,planner_failure,20,0.1,0.30779350562554625,0.0,0.0,1.0
holdout,teb,tau_w_100,capped_time_to_termination,20,12.264499999999787,2.9585424487494283,12.774999999999771,3.5499999999999683,16.10999999999972
holdout,teb,tau_w_100,path_length,20,5.088359338246651,1.1251073957734108,5.2738461145843605,1.5649523676654886,6.403305094963268
holdout,teb,tau_w_100,min_clearance,20,0.1390239481560675,0.048429672501840916,0.13025900177323357,0.053347350183409165,0.2310304192912901
holdout,teb,tau_w_100,final_xy_error,20,0.3536670444888142,0.9269954002710105,0.05895104332140093,0.018106884912192738,3.3296751610461053
holdout,teb,tau_w_300,success,20,0.9,0.30779350562554625,1.0,0.0,1.0
holdout,teb,tau_w_300,collision,20,0.0,0.0,0.0,0.0,0.0
holdout,teb,tau_w_300,timeout,20,0.0,0.0,0.0,0.0,0.0
holdout,teb,tau_w_300,planner_failure,20,0.1,0.30779350562554625,0.0,0.0,1.0
holdout,teb,tau_w_300,capped_time_to_termination,20,16.425500000000046,4.95012650024456,17.084999999999873,3.3999999999999715,26.130000000001285
holdout,teb,tau_w_300,path_length,20,5.0680919915548595,1.139694548770766,5.282736079475541,1.4745334156894057,6.401389808390025
holdout,teb,tau_w_300,min_clearance,20,0.14000978782699725,0.04052062812675423,0.1486208006999506,0.05165729672429582,0.21752390208821834
holdout,teb,tau_w_300,final_xy_error,20,0.35520704374018075,0.9453381659283536,0.049682128461755334,0.028667405236912663,3.412865257103738
holdout,teb,tau_x_100,success,20,0.9,0.30779350562554625,1.0,0.0,1.0
holdout,teb,tau_x_100,collision,20,0.0,0.0,0.0,0.0,0.0
holdout,teb,tau_x_100,timeout,20,0.0,0.0,0.0,0.0,0.0
holdout,teb,tau_x_100,planner_failure,20,0.1,0.30779350562554625,0.0,0.0,1.0
holdout,teb,tau_x_100,capped_time_to_termination,20,11.613499999999792,2.573816079389907,11.924999999999791,3.699999999999965,15.299999999999718
holdout,teb,tau_x_100,path_length,20,5.08835791173666,1.1453241385612218,5.29388535457301,1.4846201943165773,6.515997757788982
holdout,teb,tau_x_100,min_clearance,20,0.14198215029566053,0.04889192152362685,0.14752372825648905,0.059495228893379465,0.2294254759043837
holdout,teb,tau_x_100,final_xy_error,20,0.36580004978500147,0.9400178903443798,0.0661404141255365,0.040566723789474506,3.419203182246743
holdout,teb,tau_x_300,success,20,0.9,0.30779350562554625,1.0,0.0,1.0
holdout,teb,tau_x_300,collision,20,0.0,0.0,0.0,0.0,0.0
holdout,teb,tau_x_300,timeout,20,0.0,0.0,0.0,0.0,0.0
holdout,teb,tau_x_300,planner_failure,20,0.1,0.30779350562554625,0.0,0.0,1.0
holdout,teb,tau_x_300,capped_time_to_termination,20,12.699499999999814,3.023863814463404,12.704999999999774,4.599999999999946,19.140000000000192
holdout,teb,tau_x_300,path_length,20,5.1416782634348355,1.1850055282578753,5.300544710926993,1.5220837249032935,6.923689934809956
holdout,teb,tau_x_300,min_clearance,20,0.13919326025069614,0.04224939686802761,0.1444500081485831,0.05859861450122322,0.21721383586065918
holdout,teb,tau_x_300,final_xy_error,20,0.3643266099602521,0.9362734470187708,0.07075915029666555,0.02225023857448568,3.3965821335049404
holdout,teb,tau_y_150,success,20,0.9,0.30779350562554625,1.0,0.0,1.0
holdout,teb,tau_y_150,collision,20,0.0,0.0,0.0,0.0,0.0
holdout,teb,tau_y_150,timeout,20,0.0,0.0,0.0,0.0,0.0
holdout,teb,tau_y_150,planner_failure,20,0.1,0.30779350562554625,0.0,0.0,1.0
holdout,teb,tau_y_150,capped_time_to_termination,20,12.36849999999978,2.7949339037471836,12.719999999999773,3.649999999999966,16.209999999999734
holdout,teb,tau_y_150,path_length,20,5.178997061524788,1.1437486251027347,5.377526180114964,1.5926534323264268,6.548629261897374
holdout,teb,tau_y_150,min_clearance,20,0.12417988379459717,0.05355875759963097,0.11884607353400717,0.036748806976460234,0.22965615980891643
holdout,teb,tau_y_150,final_xy_error,20,0.36570140726331696,0.9176927979966895,0.07840529011184447,0.024135810314921798,3.28866191978194
holdout,teb,tau_y_300,success,20,0.8,0.41039134083406165,1.0,0.0,1.0
holdout,teb,tau_y_300,collision,20,0.0,0.0,0.0,0.0,0.0
holdout,teb,tau_y_300,timeout,20,0.0,0.0,0.0,0.0,0.0
holdout,teb,tau_y_300,planner_failure,20,0.2,0.4103913408340617,0.0,0.0,1.0
holdout,teb,tau_y_300,capped_time_to_termination,20,13.555499999999833,4.206589411112573,14.604999999999734,4.049999999999958,20.960000000000477
holdout,teb,tau_y_300,path_length,20,4.941905935441524,1.4424945380115968,5.387451217438709,1.503354740174453,6.7083024722407245
holdout,teb,tau_y_300,min_clearance,20,0.10526442876943023,0.056664493478990725,0.0939445406771598,0.003296044214179403,0.20746700139422994
holdout,teb,tau_y_300,final_xy_error,20,0.6366064270934477,1.1594849167000574,0.07928455598120915,0.059430239684827045,3.3698442560459383
holdout,teb,tau_y_500,success,20,0.75,0.4442616583193193,1.0,0.0,1.0
holdout,teb,tau_y_500,collision,20,0.0,0.0,0.0,0.0,0.0
holdout,teb,tau_y_500,timeout,20,0.0,0.0,0.0,0.0,0.0
holdout,teb,tau_y_500,planner_failure,20,0.25,0.4442616583193193,0.0,0.0,1.0
holdout,teb,tau_y_500,capped_time_to_termination,20,14.929499999999953,4.91659111152194,15.89999999999973,4.4499999999999496,24.830000000001082
holdout,teb,tau_y_500,path_length,20,4.874665706481133,1.4399089689087543,5.406500914870887,1.5512538315539872,6.817206341750423
holdout,teb,tau_y_500,min_clearance,20,0.09396987217599788,0.05398768724115002,0.08554705245564825,0.003924993319654908,0.1788290466998838
holdout,teb,tau_y_500,final_xy_error,20,0.694905070186664,1.1489827544100115,0.07939237187280587,0.017135244902898465,3.3096131430491993
combined_descriptive,dwa,delay_050,success,40,0.025,0.15811388300841897,0.0,0.0,1.0
combined_descriptive,dwa,delay_050,collision,40,0.025,0.15811388300841894,0.0,0.0,1.0
combined_descriptive,dwa,delay_050,timeout,40,0.55,0.503831473655779,1.0,0.0,1.0
combined_descriptive,dwa,delay_050,planner_failure,40,0.4,0.4961389383568339,0.0,0.0,1.0
combined_descriptive,dwa,delay_050,capped_time_to_termination,40,19.1192500000011,13.404418212971029,30.00000000000189,0.8500000000000005,30.00000000000189
combined_descriptive,dwa,delay_050,path_length,40,0.5922946844529404,1.1912055846729395,0.10330025774373841,0.060793762754946544,6.027594410152955
combined_descriptive,dwa,delay_050,min_clearance,40,0.5776793741299171,0.3099448455500681,0.585249335865687,0.0,1.4716828856569322
combined_descriptive,dwa,delay_050,final_xy_error,40,4.462231610913641,0.8804639518960046,4.789388221964771,0.07507363390849384,4.803673914255166
combined_descriptive,dwa,delay_100,success,40,0.075,0.26674678283691877,0.0,0.0,1.0
combined_descriptive,dwa,delay_100,collision,40,0.0,0.0,0.0,0.0,0.0
combined_descriptive,dwa,delay_100,timeout,40,0.55,0.503831473655779,1.0,0.0,1.0
combined_descriptive,dwa,delay_100,planner_failure,40,0.375,0.4902903378454601,0.0,0.0,1.0
combined_descriptive,dwa,delay_100,capped_time_to_termination,40,22.801250000001154,10.186784346422993,30.00000000000189,0.9000000000000006,30.00000000000189
combined_descriptive,dwa,delay_100,path_length,40,1.0138157289801275,1.624012713032743,0.10753009517542378,0.022803454559040807,6.674118409145739
combined_descriptive,dwa,delay_100,min_clearance,40,0.512732884264237,0.34278164700020625,0.5014538180617494,0.02326284185066374,1.4706897545274167
combined_descriptive,dwa,delay_100,final_xy_error,40,3.9692057183552762,1.4235097036622655,4.799886964378005,0.06749678428037695,4.80218548367512
combined_descriptive,dwa,delay_200,success,40,0.0,0.0,0.0,0.0,0.0
combined_descriptive,dwa,delay_200,collision,40,0.0,0.0,0.0,0.0,0.0
combined_descriptive,dwa,delay_200,timeout,40,0.575,0.500640615253123,1.0,0.0,1.0
combined_descriptive,dwa,delay_200,planner_failure,40,0.425,0.500640615253123,0.0,0.0,1.0
combined_descriptive,dwa,delay_200,capped_time_to_termination,40,23.837500000001278,9.457989093476561,30.00000000000189,1.6000000000000012,30.00000000000189
combined_descriptive,dwa,delay_200,path_length,40,1.297886662056417,1.661101439304844,0.11073616392538553,0.06160157427554287,5.272097263440414
combined_descriptive,dwa,delay_200,min_clearance,40,0.4695459970572233,0.35147231853822347,0.47320454393101363,0.0039655100941811735,1.4686857704011862
combined_descriptive,dwa,delay_200,final_xy_error,40,3.758491536488697,1.4956812929004317,4.778649659420657,0.12410114877262231,4.804322281281297
combined_descriptive,dwa,e0,success,40,0.025,0.15811388300841892,0.0,0.0,1.0
combined_descriptive,dwa,e0,collision,40,0.025,0.15811388300841894,0.0,0.0,1.0
combined_descriptive,dwa,e0,timeout,40,0.95,0.22072142786315216,1.0,0.0,1.0
combined_descriptive,dwa,e0,planner_failure,40,0.0,0.0,0.0,0.0,0.0
combined_descriptive,dwa,e0,capped_time_to_termination,40,29.47725000000181,2.3763438708043614,30.00000000000189,17.039999999999864,30.00000000000189
combined_descriptive,dwa,e0,path_length,40,0.6305425868405882,1.1410481051383674,0.29686420154556653,0.08043681154258775,5.983349324180807
combined_descriptive,dwa,e0,min_clearance,40,0.5771596060565962,0.3109443656075443,0.5868697643339869,0.0,1.47510436969883
combined_descriptive,dwa,e0,final_xy_error,40,4.498856518656362,0.8447890048745392,4.750728787406146,0.07720861542721656,4.802087381230043
combined_descriptive,dwa,tau_w_100,success,40,0.025,0.15811388300841894,0.0,0.0,1.0
combined_descriptive,dwa,tau_w_100,collision,40,0.0,0.0,0.0,0.0,0.0
combined_descriptive,dwa,tau_w_100,timeout,40,0.975,0.15811388300841894,1.0,0.0,1.0
combined_descriptive,dwa,tau_w_100,planner_failure,40,0.0,0.0,0.0,0.0,0.0
combined_descriptive,dwa,tau_w_100,capped_time_to_termination,40,29.702000000001846,1.8847174854606497,30.00000000000189,18.080000000000027,30.00000000000189
combined_descriptive,dwa,tau_w_100,path_length,40,0.6560151898679656,1.165210417328887,0.37930497239196737,0.10350131892526561,5.972733098627373
combined_descriptive,dwa,tau_w_100,min_clearance,40,0.5809801298735016,0.2995016970708053,0.5827450752654006,0.03625250429512472,1.4773985424777225
combined_descriptive,dwa,tau_w_100,final_xy_error,40,4.496641571029078,0.8697857455009586,4.79937960160367,0.07737176182514689,4.846350580980265
combined_descriptive,dwa,tau_w_300,success,40,0.1,0.3038218101250999,0.0,0.0,1.0
combined_descriptive,dwa,tau_w_300,collision,40,0.025,0.15811388300841894,0.0,0.0,1.0
combined_descriptive,dwa,tau_w_300,timeout,40,0.85,0.36162028533978946,1.0,0.0,1.0
combined_descriptive,dwa,tau_w_300,planner_failure,40,0.025,0.15811388300841894,0.0,0.0,1.0
combined_descriptive,dwa,tau_w_300,capped_time_to_termination,40,28.417000000001725,5.188415201937623,30.00000000000189,6.229999999999912,30.00000000000189
combined_descriptive,dwa,tau_w_300,path_length,40,2.498405818371071,1.5667806032814766,2.109713950564813,0.16099556378639623,6.751955661632554
combined_descriptive,dwa,tau_w_300,min_clearance,40,0.272498324545732,0.20649672855883253,0.22768911850125118,0.0,0.9406879862382822
combined_descriptive,dwa,tau_w_300,final_xy_error,40,3.0008693070580064,1.3426373732263754,3.265433117915469,0.07729414459753153,4.788035235269964
combined_descriptive,dwa,tau_x_100,success,40,0.05,0.22072142786315216,0.0,0.0,1.0
combined_descriptive,dwa,tau_x_100,collision,40,0.0,0.0,0.0,0.0,0.0
combined_descriptive,dwa,tau_x_100,timeout,40,0.95,0.22072142786315227,1.0,0.0,1.0
combined_descriptive,dwa,tau_x_100,planner_failure,40,0.0,0.0,0.0,0.0,0.0
combined_descriptive,dwa,tau_x_100,capped_time_to_termination,40,29.652750000001838,2.0581993468280406,30.00000000000189,16.989999999999856,30.00000000000189
combined_descriptive,dwa,tau_x_100,path_length,40,0.5382263326672297,1.4043847452019038,0.12026246989851791,0.08024138001756845,6.02625175772185
combined_descriptive,dwa,tau_x_100,min_clearance,40,0.606140587485104,0.272570054422543,0.5825310000998725,0.09830488733253633,1.4699377881288886
combined_descriptive,dwa,tau_x_100,final_xy_error,40,4.502190998614566,1.0527353397917063,4.797483142941365,0.07269676873468393,4.83973905106104
combined_descriptive,dwa,tau_x_300,success,40,0.05,0.2207214278631522,0.0,0.0,1.0
combined_descriptive,dwa,tau_x_300,collision,40,0.0,0.0,0.0,0.0,0.0
combined_descriptive,dwa,tau_x_300,timeout,40,0.95,0.22072142786315221,1.0,0.0,1.0
combined_descriptive,dwa,tau_x_300,planner_failure,40,0.0,0.0,0.0,0.0,0.0
combined_descriptive,dwa,tau_x_300,capped_time_to_termination,40,29.73225000000185,1.1988338083322676,30.00000000000189,23.760000000000915,30.00000000000189
combined_descriptive,dwa,tau_x_300,path_length,40,0.6651979462400068,1.83087730478571,0.08880162185125437,0.05226722964506285,7.506710065391809
combined_descriptive,dwa,tau_x_300,min_clearance,40,0.6172228039889082,0.26843374558036986,0.5892881485172623,0.1340459422518406,1.4744131678580215
combined_descriptive,dwa,tau_x_300,final_xy_error,40,4.438012755601183,1.2523028402767098,4.7987983755832255,0.027099572318038917,4.847191900628959
combined_descriptive,dwa,tau_y_150,success,40,0.3,0.46409548089225705,0.0,0.0,1.0
combined_descriptive,dwa,tau_y_150,collision,40,0.0,0.0,0.0,0.0,0.0
combined_descriptive,dwa,tau_y_150,timeout,40,0.7,0.46409548089225705,1.0,0.0,1.0
combined_descriptive,dwa,tau_y_150,planner_failure,40,0.0,0.0,0.0,0.0,0.0
combined_descriptive,dwa,tau_y_150,capped_time_to_termination,40,26.020500000001295,6.208212488929807,30.00000000000189,14.72999999999973,30.00000000000189
combined_descriptive,dwa,tau_y_150,path_length,40,3.0759121828541933,1.7669272897884305,2.540213943531878,0.4114496888617774,6.562281431756557
combined_descriptive,dwa,tau_y_150,min_clearance,40,0.23551076317502478,0.20335803341519598,0.16462593394565142,0.014712357048907474,0.7947405481796124
combined_descriptive,dwa,tau_y_150,final_xy_error,40,2.407324997301329,1.6835641725090145,2.8874941495478152,0.07418101876541468,4.80090004381641
combined_descriptive,dwa,tau_y_300,success,40,0.075,0.2667467828369186,0.0,0.0,1.0
combined_descriptive,dwa,tau_y_300,collision,40,0.0,0.0,0.0,0.0,0.0
combined_descriptive,dwa,tau_y_300,timeout,40,0.9,0.3038218101250999,1.0,0.0,1.0
combined_descriptive,dwa,tau_y_300,planner_failure,40,0.025,0.15811388300841894,0.0,0.0,1.0
combined_descriptive,dwa,tau_y_300,capped_time_to_termination,40,28.851250000001738,3.916074164131505,30.00000000000189,10.599999999999818,30.00000000000189
combined_descriptive,dwa,tau_y_300,path_length,40,1.4539897546732936,1.8017837492933342,0.19643775794537108,0.1320295164372248,6.626835351854701
combined_descriptive,dwa,tau_y_300,min_clearance,40,0.47183145694468626,0.34446866988198577,0.46225587057026035,0.021019199610409878,1.465431445143472
combined_descriptive,dwa,tau_y_300,final_xy_error,40,3.787296379819798,1.4244152107585708,4.772319817493077,0.07416992468281554,4.799915338987383
combined_descriptive,dwa,tau_y_500,success,40,0.05,0.22072142786315224,0.0,0.0,1.0
combined_descriptive,dwa,tau_y_500,collision,40,0.0,0.0,0.0,0.0,0.0
combined_descriptive,dwa,tau_y_500,timeout,40,0.95,0.22072142786315224,1.0,0.0,1.0
combined_descriptive,dwa,tau_y_500,planner_failure,40,0.0,0.0,0.0,0.0,0.0
combined_descriptive,dwa,tau_y_500,capped_time_to_termination,40,29.74275000000186,1.1378499461705858,30.00000000000189,24.540000000001037,30.00000000000189
combined_descriptive,dwa,tau_y_500,path_length,40,1.3087152958046917,1.6525912910715197,0.39181516405931216,0.14694983650681062,6.983645801317894
combined_descriptive,dwa,tau_y_500,min_clearance,40,0.49437858263059076,0.3332705109765512,0.4621089784501179,0.0601028802296676,1.460993943270171
combined_descriptive,dwa,tau_y_500,final_xy_error,40,3.9055751409607873,1.274897042978185,4.786073864726401,0.06550853032409754,4.80096935748661
combined_descriptive,teb,delay_050,success,40,0.925,0.2667467828369185,1.0,0.0,1.0
combined_descriptive,teb,delay_050,collision,40,0.0,0.0,0.0,0.0,0.0
combined_descriptive,teb,delay_050,timeout,40,0.0,0.0,0.0,0.0,0.0
combined_descriptive,teb,delay_050,planner_failure,40,0.075,0.2667467828369185,0.0,0.0,1.0
combined_descriptive,teb,delay_050,capped_time_to_termination,40,12.902999999999773,2.708760905105019,13.129999999999765,3.4499999999999704,16.809999999999828
combined_descriptive,teb,delay_050,path_length,40,5.398681709634243,1.0786008449234141,5.538679217568433,1.4075582114639356,6.646587988525394
combined_descriptive,teb,delay_050,min_clearance,40,0.13612298750951446,0.052989748495281534,0.1364339503887806,0.03998882026550492,0.24140756823383558
combined_descriptive,teb,delay_050,final_xy_error,40,0.2821802552960246,0.8202462978944108,0.06893346674804618,0.001122153918139633,3.458262483352853
combined_descriptive,teb,delay_100,success,40,0.925,0.26674678283691866,1.0,0.0,1.0
combined_descriptive,teb,delay_100,collision,40,0.0,0.0,0.0,0.0,0.0
combined_descriptive,teb,delay_100,timeout,40,0.0,0.0,0.0,0.0,0.0
combined_descriptive,teb,delay_100,planner_failure,40,0.075,0.26674678283691866,0.0,0.0,1.0
combined_descriptive,teb,delay_100,capped_time_to_termination,40,14.434999999999803,3.1678934196005937,14.844999999999729,3.799999999999963,18.88000000000015
combined_descriptive,teb,delay_100,path_length,40,5.453305112899469,1.0877162664533544,5.599268606144587,1.4787577178063318,6.734304921513844
combined_descriptive,teb,delay_100,min_clearance,40,0.1259478119561017,0.0529493564308298,0.1375669253219969,0.014278036118498556,0.20774863196328439
combined_descriptive,teb,delay_100,final_xy_error,40,0.2824310285105584,0.8137636010295386,0.06544755491065593,0.0011319618201111156,3.402538893096547
combined_descriptive,teb,delay_200,success,40,0.8,0.40509574683346666,1.0,0.0,1.0
combined_descriptive,teb,delay_200,collision,40,0.0,0.0,0.0,0.0,0.0
combined_descriptive,teb,delay_200,timeout,40,0.0,0.0,0.0,0.0,0.0
combined_descriptive,teb,delay_200,planner_failure,40,0.2,0.40509574683346666,0.0,0.0,1.0
combined_descriptive,teb,delay_200,capped_time_to_termination,40,17.18350000000016,5.086692820109798,18.005000000000017,4.89999999999994,24.89000000000109
combined_descriptive,teb,delay_200,path_length,40,5.2344454268375955,1.4052441478094053,5.690827167609895,1.560581594869972,6.881723405033753
combined_descriptive,teb,delay_200,min_clearance,40,0.10012866050491373,0.05339133692648307,0.10900359326286893,0.002440124802262926,0.203389763055099
combined_descriptive,teb,delay_200,final_xy_error,40,0.5947524940514056,1.1027917587606653,0.07910139062358346,0.01433789773874557,3.3635054713877817
combined_descriptive,teb,e0,success,40,0.9,0.3038218101250998,1.0,0.0,1.0
combined_descriptive,teb,e0,collision,40,0.0,0.0,0.0,0.0,0.0
combined_descriptive,teb,e0,timeout,40,0.0,0.0,0.0,0.0,0.0
combined_descriptive,teb,e0,planner_failure,40,0.1,0.3038218101250998,0.0,0.0,1.0
combined_descriptive,teb,e0,capped_time_to_termination,40,11.809749999999791,2.5875208286043327,12.044999999999789,3.5999999999999672,15.309999999999718
combined_descriptive,teb,e0,path_length,40,5.274886739868614,1.1243195554653316,5.428195110198228,1.5909170230419571,6.613477279267236
combined_descriptive,teb,e0,min_clearance,40,0.13922381403440148,0.05487545966685096,0.15258244843407975,0.010554967022965281,0.24205502402866938
combined_descriptive,teb,e0,final_xy_error,40,0.34750499922022515,0.8907726749519792,0.076018639886754,0.013155129464635085,3.3086687798132424
combined_descriptive,teb,tau_w_100,success,40,0.9,0.30382181012509996,1.0,0.0,1.0
combined_descriptive,teb,tau_w_100,collision,40,0.0,0.0,0.0,0.0,0.0
combined_descriptive,teb,tau_w_100,timeout,40,0.0,0.0,0.0,0.0,0.0
combined_descriptive,teb,tau_w_100,planner_failure,40,0.1,0.30382181012509996,0.0,0.0,1.0
combined_descriptive,teb,tau_w_100,capped_time_to_termination,40,12.946999999999779,3.050565479315172,13.524999999999757,3.5499999999999683,16.95999999999985
combined_descriptive,teb,tau_w_100,path_length,40,5.270058630079536,1.1219290051013622,5.444750712067696,1.5649523676654886,6.575791072716527
combined_descriptive,teb,tau_w_100,min_clearance,40,0.14156470546765196,0.04751036486776794,0.14602735197931085,0.053347350183409165,0.2431185379329696
combined_descriptive,teb,tau_w_100,final_xy_error,40,0.34277460253224146,0.8940506916217927,0.05683529051316883,0.016275046765051843,3.3296751610461053
combined_descriptive,teb,tau_w_300,success,40,0.9,0.3038218101250999,1.0,0.0,1.0
combined_descriptive,teb,tau_w_300,collision,40,0.0,0.0,0.0,0.0,0.0
combined_descriptive,teb,tau_w_300,timeout,40,0.0,0.0,0.0,0.0,0.0
combined_descriptive,teb,tau_w_300,planner_failure,40,0.1,0.3038218101250999,0.0,0.0,1.0
combined_descriptive,teb,tau_w_300,capped_time_to_termination,40,17.688500000000197,5.3273756227288125,18.28500000000006,3.3999999999999715,27.460000000001493
combined_descriptive,teb,tau_w_300,path_length,40,5.25338715365018,1.1272463283371488,5.458382093109098,1.4745334156894057,6.563496583704724
combined_descriptive,teb,tau_w_300,min_clearance,40,0.13228438191237912,0.0449063151346148,0.1369809687554968,0.024193718581711755,0.21752390208821834
combined_descriptive,teb,tau_w_300,final_xy_error,40,0.3418808784656612,0.9020235970209709,0.04711755526727705,0.014181248284851632,3.412865257103738
combined_descriptive,teb,tau_x_100,success,40,0.925,0.2667467828369185,1.0,0.0,1.0
combined_descriptive,teb,tau_x_100,collision,40,0.0,0.0,0.0,0.0,0.0
combined_descriptive,teb,tau_x_100,timeout,40,0.0,0.0,0.0,0.0,0.0
combined_descriptive,teb,tau_x_100,planner_failure,40,0.075,0.2667467828369185,0.0,0.0,1.0
combined_descriptive,teb,tau_x_100,capped_time_to_termination,40,12.355999999999778,2.4833567026950134,12.534999999999776,3.699999999999965,15.739999999999709
combined_descriptive,teb,tau_x_100,path_length,40,5.381575392902652,1.073229192571185,5.5167498308060825,1.4846201943165773,6.617656722081615
combined_descriptive,teb,tau_x_100,min_clearance,40,0.14372582202724346,0.04684957698383379,0.15419891042537875,0.0566704499664068,0.2294254759043837
combined_descriptive,teb,tau_x_100,final_xy_error,40,0.28679115718383774,0.8115535169517887,0.06583109064419436,0.018737743316133613,3.419203182246743
combined_descriptive,teb,tau_x_300,success,40,0.875,0.3349320635285418,1.0,0.0,1.0
combined_descriptive,teb,tau_x_300,collision,40,0.0,0.0,0.0,0.0,0.0
combined_descriptive,teb,tau_x_300,timeout,40,0.0,0.0,0.0,0.0,0.0
combined_descriptive,teb,tau_x_300,planner_failure,40,0.125,0.3349320635285418,0.0,0.0,1.0
combined_descriptive,teb,tau_x_300,capped_time_to_termination,40,13.323749999999833,3.566186419261238,13.039999999999766,4.599999999999946,19.280000000000214
combined_descriptive,teb,tau_x_300,path_length,40,5.258008989450015,1.351620419816339,5.429821411615247,1.4307976657180164,6.973744057466727
combined_descriptive,teb,tau_x_300,min_clearance,40,0.1397570795364622,0.04599949777923285,0.14954562474594657,0.05859861450122322,0.21721383586065918
combined_descriptive,teb,tau_x_300,final_xy_error,40,0.47210030235792855,1.1131063606102714,0.07703229137550993,0.017857498851746523,4.54075654515212
combined_descriptive,teb,tau_y_150,success,40,0.9,0.3038218101250998,1.0,0.0,1.0
combined_descriptive,teb,tau_y_150,collision,40,0.0,0.0,0.0,0.0,0.0
combined_descriptive,teb,tau_y_150,timeout,40,0.0,0.0,0.0,0.0,0.0
combined_descriptive,teb,tau_y_150,planner_failure,40,0.1,0.3038218101250998,0.0,0.0,1.0
combined_descriptive,teb,tau_y_150,capped_time_to_termination,40,12.79974999999978,2.849644590974717,13.289999999999761,3.649999999999966,16.209999999999734
combined_descriptive,teb,tau_y_150,path_length,40,5.356602650410712,1.1466537646579396,5.512512962536611,1.5926534323264268,6.691670700353945
combined_descriptive,teb,tau_y_150,min_clearance,40,0.1275037120652784,0.05459556779557441,0.13308293790074774,0.009016929455384152,0.22965615980891643
combined_descriptive,teb,tau_y_150,final_xy_error,40,0.3517598094291753,0.8880253255620641,0.07748230906967793,0.00800147290353501,3.28866191978194
combined_descriptive,teb,tau_y_300,success,40,0.85,0.36162028533978946,1.0,0.0,1.0
combined_descriptive,teb,tau_y_300,collision,40,0.0,0.0,0.0,0.0,0.0
combined_descriptive,teb,tau_y_300,timeout,40,0.0,0.0,0.0,0.0,0.0
combined_descriptive,teb,tau_y_300,planner_failure,40,0.15,0.36162028533978946,0.0,0.0,1.0
combined_descriptive,teb,tau_y_300,capped_time_to_termination,40,14.363249999999837,3.7468355109550937,15.094999999999722,4.049999999999958,20.960000000000477
combined_descriptive,teb,tau_y_300,path_length,40,5.304092063355574,1.2808063171704525,5.491109993165253,1.503354740174453,6.735996798708099
combined_descriptive,teb,tau_y_300,min_clearance,40,0.10940592674349243,0.05560126950100475,0.1100289789794546,0.003296044214179403,0.20746700139422994
combined_descriptive,teb,tau_y_300,final_xy_error,40,0.46250859618899876,0.9750606952021404,0.07882770785449732,0.010799567510953564,3.3698442560459383
combined_descriptive,teb,tau_y_500,success,40,0.775,0.42290206176626033,1.0,0.0,1.0
combined_descriptive,teb,tau_y_500,collision,40,0.05,0.22072142786315213,0.0,0.0,1.0
combined_descriptive,teb,tau_y_500,timeout,40,0.0,0.0,0.0,0.0,0.0
combined_descriptive,teb,tau_y_500,planner_failure,40,0.175,0.3848076442547925,0.0,0.0,1.0
combined_descriptive,teb,tau_y_500,capped_time_to_termination,40,15.765750000000011,4.763869837992567,16.87999999999984,4.4499999999999496,24.830000000001082
combined_descriptive,teb,tau_y_500,path_length,40,5.15817568103726,1.3643483135619925,5.507006120993062,1.5512538315539872,6.817206341750423
combined_descriptive,teb,tau_y_500,min_clearance,40,0.09449219851890278,0.05288564157922518,0.10463286767072807,0.0,0.1788290466998838
combined_descriptive,teb,tau_y_500,final_xy_error,40,0.6093224696883038,1.0595276923095867,0.0788331091231997,0.016729520919628725,3.3096131430491993
