partition,profile_id,metric,contrast,estimate,ci_low,ci_high,n_layouts
discovery,delay_050,success,TEB-minus-DWA degradation,0.05,0.0,0.15,20
discovery,delay_050,collision,TEB-minus-DWA degradation,0.0,0.0,0.0,20
discovery,delay_050,timeout,TEB-minus-DWA degradation,0.45,0.25,0.65,20
discovery,delay_050,planner_failure,TEB-minus-DWA degradation,-0.5,-0.7,-0.3,20
discovery,delay_050,capped_time_to_termination,TEB-minus-DWA degradation,12.187500000000751,6.5439750000004535,18.1162375000012,20
discovery,delay_050,path_length,TEB-minus-DWA degradation,0.23464912701310364,-0.1575621475794882,0.6923464854941417,20
discovery,delay_050,min_clearance,TEB-minus-DWA degradation,0.002918819430457646,-0.033189242036899755,0.05262741927970349,20
discovery,delay_050,final_xy_error,TEB-minus-DWA degradation,-0.057867445265581484,-0.41238625534239853,0.2422337648215125,20
discovery,delay_100,success,TEB-minus-DWA degradation,0.05,-0.1,0.2,20
discovery,delay_100,collision,TEB-minus-DWA degradation,0.05,0.0,0.15,20
discovery,delay_100,timeout,TEB-minus-DWA degradation,0.45,0.25,0.65,20
discovery,delay_100,planner_failure,TEB-minus-DWA degradation,-0.55,-0.75,-0.35,20
discovery,delay_100,capped_time_to_termination,TEB-minus-DWA degradation,12.41250000000086,8.185387500000676,16.99477500000134,20
discovery,delay_100,path_length,TEB-minus-DWA degradation,0.15450447735152634,-0.6924085302758258,1.075996476298478,20
discovery,delay_100,min_clearance,TEB-minus-DWA degradation,-0.004688098317293578,-0.1454212694260771,0.13834749490002393,20
discovery,delay_100,final_xy_error,TEB-minus-DWA degradation,0.18680561844688026,-0.6098870479077845,0.9038102863658038,20
discovery,delay_200,success,TEB-minus-DWA degradation,-0.05,-0.2,0.1,20
discovery,delay_200,collision,TEB-minus-DWA degradation,0.05,0.0,0.15,20
discovery,delay_200,timeout,TEB-minus-DWA degradation,0.35,0.15,0.55,20
discovery,delay_200,planner_failure,TEB-minus-DWA degradation,-0.35,-0.65,-0.05,20
discovery,delay_200,capped_time_to_termination,TEB-minus-DWA degradation,13.09800000000105,8.106925000000718,18.358500000001413,20
discovery,delay_200,path_length,TEB-minus-DWA degradation,-0.5393233260305814,-1.4554426062304775,0.29720089054213605,20
discovery,delay_200,min_clearance,TEB-minus-DWA degradation,0.024213820594216524,-0.09829150097219322,0.1542394911828889,20
discovery,delay_200,final_xy_error,TEB-minus-DWA degradation,0.8185971535630692,0.07898843019317073,1.6050482244171627,20
discovery,tau_w_100,success,TEB-minus-DWA degradation,0.0,0.0,0.0,20
discovery,tau_w_100,collision,TEB-minus-DWA degradation,0.05,0.0,0.15,20
discovery,tau_w_100,timeout,TEB-minus-DWA degradation,-0.05,-0.15,0.0,20
discovery,tau_w_100,planner_failure,TEB-minus-DWA degradation,0.0,0.0,0.0,20
discovery,tau_w_100,capped_time_to_termination,TEB-minus-DWA degradation,0.8379999999999169,0.04644999999978381,1.4250124999999854,20
discovery,tau_w_100,path_length,TEB-minus-DWA degradation,-0.051088310001158856,-0.3513136282570759,0.19259957836067856,20
discovery,tau_w_100,min_clearance,TEB-minus-DWA degradation,-0.010594336104129968,-0.09021333292480688,0.05638297308065743,20
discovery,tau_w_100,final_xy_error,TEB-minus-DWA degradation,0.02325582848038993,-0.1435469368698529,0.2376529137813458,20
discovery,tau_w_300,success,TEB-minus-DWA degradation,-0.1,-0.25,0.0,20
discovery,tau_w_300,collision,TEB-minus-DWA degradation,0.0,0.0,0.0,20
discovery,tau_w_300,timeout,TEB-minus-DWA degradation,0.1,0.0,0.25,20
discovery,tau_w_300,planner_failure,TEB-minus-DWA degradation,0.0,0.0,0.0,20
discovery,tau_w_300,capped_time_to_termination,TEB-minus-DWA degradation,7.49200000000062,5.367825000000464,10.228037500000864,20
discovery,tau_w_300,path_length,TEB-minus-DWA degradation,-2.1538527895863533,-3.0685914619236603,-1.2612591881276631,20
discovery,tau_w_300,min_clearance,TEB-minus-DWA degradation,0.2818596751636454,0.12264946467129625,0.4428304562889109,20
discovery,tau_w_300,final_xy_error,TEB-minus-DWA degradation,1.6940549017739575,1.024955284617635,2.3991553570885027,20
discovery,tau_x_100,success,TEB-minus-DWA degradation,0.0,-0.15,0.15,20
discovery,tau_x_100,collision,TEB-minus-DWA degradation,0.05,0.0,0.15,20
discovery,tau_x_100,timeout,TEB-minus-DWA degradation,0.0,-0.15,0.15,20
discovery,tau_x_100,planner_failure,TEB-minus-DWA degradation,-0.05,-0.15,0.0,20
discovery,tau_x_100,capped_time_to_termination,TEB-minus-DWA degradation,0.40549999999992903,-0.7810125000001868,1.585012499999974,20
discovery,tau_x_100,path_length,TEB-minus-DWA degradation,0.06692393941718935,-0.6985682639991495,0.6963764201246667,20
discovery,tau_x_100,min_clearance,TEB-minus-DWA degradation,-0.009989717766260332,-0.0922171131295312,0.06776539083169854,20
discovery,tau_x_100,final_xy_error,TEB-minus-DWA degradation,0.04956723835576188,-0.42166531488588443,0.6705522969890645,20
discovery,tau_x_300,success,TEB-minus-DWA degradation,-0.1,-0.3,0.0,20
discovery,tau_x_300,collision,TEB-minus-DWA degradation,0.05,0.0,0.15,20
discovery,tau_x_300,timeout,TEB-minus-DWA degradation,0.0,-0.15,0.15,20
discovery,tau_x_300,planner_failure,TEB-minus-DWA degradation,0.05,0.0,0.15,20
discovery,tau_x_300,capped_time_to_termination,TEB-minus-DWA degradation,1.0959999999999943,-0.2310000000001736,2.2440500000000525,20
discovery,tau_x_300,path_length,TEB-minus-DWA degradation,-0.5041942582289296,-1.6944831327136431,0.3875035637585922,20
discovery,tau_x_300,min_clearance,TEB-minus-DWA degradation,-0.029148496276314516,-0.11001185981620966,0.047151919067269545,20
discovery,tau_x_300,final_xy_error,TEB-minus-DWA degradation,0.572470252663396,-0.08897609773222409,1.5619903298447166,20
discovery,tau_y_150,success,TEB-minus-DWA degradation,-0.25,-0.45,-0.1,20
discovery,tau_y_150,collision,TEB-minus-DWA degradation,0.05,0.0,0.15,20
discovery,tau_y_150,timeout,TEB-minus-DWA degradation,0.2,0.0,0.4,20
discovery,tau_y_150,planner_failure,TEB-minus-DWA degradation,0.0,0.0,0.0,20
discovery,tau_y_150,capped_time_to_termination,TEB-minus-DWA degradation,3.6835000000004086,1.1014250000000312,6.4810125000008325,20
discovery,tau_y_150,path_length,TEB-minus-DWA degradation,-2.255969261324286,-3.1290802873513726,-1.4350988738065609,20
discovery,tau_y_150,min_clearance,TEB-minus-DWA degradation,0.30150328853309105,0.16112298711648299,0.4542106927426708,20
discovery,tau_y_150,final_xy_error,TEB-minus-DWA degradation,2.0006199705906553,1.2603424012687117,2.7533376833809804,20
discovery,tau_y_300,success,TEB-minus-DWA degradation,-0.1,-0.35,0.1,20
discovery,tau_y_300,collision,TEB-minus-DWA degradation,0.05,0.0,0.15,20
discovery,tau_y_300,timeout,TEB-minus-DWA degradation,0.05,-0.1,0.25,20
discovery,tau_y_300,planner_failure,TEB-minus-DWA degradation,0.0,-0.15,0.15,20
discovery,tau_y_300,capped_time_to_termination,TEB-minus-DWA degradation,3.111000000000094,1.4453874999999694,4.87668750000014,20
discovery,tau_y_300,path_length,TEB-minus-DWA degradation,-0.7271842213756512,-1.8098573673426193,0.19534115730669763,20
discovery,tau_y_300,min_clearance,TEB-minus-DWA degradation,0.04084575951197984,-0.07928085283060929,0.169264441760703,20
discovery,tau_y_300,final_xy_error,TEB-minus-DWA degradation,0.7601207732398707,0.020327510288324444,1.5445882475519883,20
discovery,tau_y_500,success,TEB-minus-DWA degradation,-0.15,-0.3,0.0,20
discovery,tau_y_500,collision,TEB-minus-DWA degradation,0.15,0.0,0.3,20
discovery,tau_y_500,timeout,TEB-minus-DWA degradation,0.0,-0.15,0.15,20
discovery,tau_y_500,planner_failure,TEB-minus-DWA degradation,0.0,0.0,0.0,20
discovery,tau_y_500,capped_time_to_termination,TEB-minus-DWA degradation,3.7290000000002066,1.7349375000000329,5.605587500000437,20
discovery,tau_y_500,path_length,TEB-minus-DWA degradation,-0.7242203900739417,-1.4800762438870814,-0.03775080551814468,20
discovery,tau_y_500,min_clearance,TEB-minus-DWA degradation,-0.0021483785080198907,-0.1309065851420457,0.1335004682878156,20
discovery,tau_y_500,final_xy_error,TEB-minus-DWA degradation,0.8116414273446269,0.23704063154851196,1.4193507415512419,20
holdout,delay_050,success,TEB-minus-DWA degradation,0.0,0.0,0.0,20
holdout,delay_050,collision,TEB-minus-DWA degradation,0.0,0.0,0.0,20
holdout,delay_050,timeout,TEB-minus-DWA degradation,0.35,0.15,0.55,20
holdout,delay_050,planner_failure,TEB-minus-DWA degradation,-0.35,-0.55,-0.15,20
holdout,delay_050,capped_time_to_termination,TEB-minus-DWA degradation,10.715000000000646,4.998487500000267,16.49102500000102,20
holdout,delay_050,path_length,TEB-minus-DWA degradation,0.08943661729344583,0.01707114763765483,0.16073068553603584,20
holdout,delay_050,min_clearance,TEB-minus-DWA degradation,-0.010160008626873376,-0.03498787638341357,0.019635566009061616,20
holdout,delay_050,final_xy_error,TEB-minus-DWA degradation,0.00046777290261618663,-0.01607889600306673,0.02224341335327501,20
holdout,delay_100,success,TEB-minus-DWA degradation,-0.1,-0.25,0.0,20
holdout,delay_100,collision,TEB-minus-DWA degradation,0.0,0.0,0.0,20
holdout,delay_100,timeout,TEB-minus-DWA degradation,0.35,0.15,0.55,20
holdout,delay_100,planner_failure,TEB-minus-DWA degradation,-0.25,-0.45,-0.05,20
holdout,delay_100,capped_time_to_termination,TEB-minus-DWA degradation,6.190000000000477,3.479775000000196,9.58570000000077,20
holdout,delay_100,path_length,TEB-minus-DWA degradation,-0.564214015568898,-1.3848717178048968,0.1790548076266013,20
holdout,delay_100,min_clearance,TEB-minus-DWA degradation,0.1069895377454126,-0.011594049981647056,0.23216122197838657,20
holdout,delay_100,final_xy_error,TEB-minus-DWA degradation,0.7423480407359553,0.07016914187526709,1.5225777522453847,20
holdout,delay_200,success,TEB-minus-DWA degradation,-0.1,-0.25,0.0,20
holdout,delay_200,collision,TEB-minus-DWA degradation,0.0,0.0,0.0,20
holdout,delay_200,timeout,TEB-minus-DWA degradation,0.4,0.2,0.6,20
holdout,delay_200,planner_failure,TEB-minus-DWA degradation,-0.3,-0.55,-0.05,20
holdout,delay_200,capped_time_to_termination,TEB-minus-DWA degradation,8.929000000000752,5.895487500000476,12.601062500000948,20
holdout,delay_200,path_length,TEB-minus-DWA degradation,-0.876247450463115,-1.6563950708871813,-0.14139727355742973,20
holdout,delay_200,min_clearance,TEB-minus-DWA degradation,0.11282309034555375,0.020793014232544517,0.21183135587631174,20
holdout,delay_200,final_xy_error,TEB-minus-DWA degradation,1.156627800434617,0.48663159228327985,1.9053114213456104,20
holdout,tau_w_100,success,TEB-minus-DWA degradation,0.0,0.0,0.0,20
holdout,tau_w_100,collision,TEB-minus-DWA degradation,0.0,0.0,0.0,20
holdout,tau_w_100,timeout,TEB-minus-DWA degradation,0.0,0.0,0.0,20
holdout,tau_w_100,planner_failure,TEB-minus-DWA degradation,0.0,0.0,0.0,20
holdout,tau_w_100,capped_time_to_termination,TEB-minus-DWA degradation,0.9869999999999799,0.7309999999999844,1.247499999999974,20
holdout,tau_w_100,path_length,TEB-minus-DWA degradation,-0.009513115631754379,-0.056742450242302275,0.06661050599201811,20
holdout,tau_w_100,min_clearance,TEB-minus-DWA degradation,0.007635071336820396,-0.007781707149601557,0.02502163265321922,20
holdout,tau_w_100,final_xy_error,TEB-minus-DWA degradation,-0.028286726601788954,-0.0714038159470033,-0.002998316242328208,20
holdout,tau_w_300,success,TEB-minus-DWA degradation,-0.05,-0.15,0.0,20
holdout,tau_w_300,collision,TEB-minus-DWA degradation,0.0,0.0,0.0,20
holdout,tau_w_300,timeout,TEB-minus-DWA degradation,0.1,0.0,0.25,20
holdout,tau_w_300,planner_failure,TEB-minus-DWA degradation,-0.05,-0.15,0.0,20
holdout,tau_w_300,capped_time_to_termination,TEB-minus-DWA degradation,6.386000000000373,4.464725000000167,8.879250000000608,20
holdout,tau_w_300,path_length,TEB-minus-DWA degradation,-1.6248728459114843,-2.2862316762555723,-0.8961610010421809,20
holdout,tau_w_300,min_clearance,TEB-minus-DWA degradation,0.31358402361403853,0.15858513447997405,0.46723898176685397,20
holdout,tau_w_300,final_xy_error,TEB-minus-DWA degradation,1.2906712799136213,0.702249175071999,1.890489908538672,20
holdout,tau_x_100,success,TEB-minus-DWA degradation,0.0,0.0,0.0,20
holdout,tau_x_100,collision,TEB-minus-DWA degradation,0.0,0.0,0.0,20
holdout,tau_x_100,timeout,TEB-minus-DWA degradation,0.0,0.0,0.0,20
holdout,tau_x_100,planner_failure,TEB-minus-DWA degradation,0.0,0.0,0.0,20
holdout,tau_x_100,capped_time_to_termination,TEB-minus-DWA degradation,0.33599999999999286,0.28049999999999403,0.3909999999999917,20
holdout,tau_x_100,path_length,TEB-minus-DWA degradation,0.3310858749976041,0.07562629662796794,0.6610420321970795,20
holdout,tau_x_100,min_clearance,TEB-minus-DWA degradation,-0.03896822910507135,-0.10035391490976968,0.008422939033730875,20
holdout,tau_x_100,final_xy_error,TEB-minus-DWA degradation,-0.17766388234495006,-0.42932518837312766,0.002239533699389044,20
holdout,tau_x_300,success,TEB-minus-DWA degradation,0.0,0.0,0.0,20
holdout,tau_x_300,collision,TEB-minus-DWA degradation,0.0,0.0,0.0,20
holdout,tau_x_300,timeout,TEB-minus-DWA degradation,0.0,0.0,0.0,20
holdout,tau_x_300,planner_failure,TEB-minus-DWA degradation,0.0,0.0,0.0,20
holdout,tau_x_300,capped_time_to_termination,TEB-minus-DWA degradation,1.4220000000000101,1.0964874999999765,1.891000000000069,20
holdout,tau_x_300,path_length,TEB-minus-DWA degradation,0.4011280385928906,0.13299901053612212,0.7700460804418693,20
holdout,tau_x_300,min_clearance,TEB-minus-DWA degradation,-0.04991136858418766,-0.11061022344763977,-0.0028614519811101537,20
holdout,tau_x_300,final_xy_error,TEB-minus-DWA degradation,-0.20159212027763185,-0.4489699647820486,-0.021494286930868547,20
holdout,tau_y_150,success,TEB-minus-DWA degradation,-0.3,-0.5,-0.1,20
holdout,tau_y_150,collision,TEB-minus-DWA degradation,0.0,0.0,0.0,20
holdout,tau_y_150,timeout,TEB-minus-DWA degradation,0.3,0.1,0.5,20
holdout,tau_y_150,planner_failure,TEB-minus-DWA degradation,0.0,0.0,0.0,20
holdout,tau_y_150,capped_time_to_termination,TEB-minus-DWA degradation,5.210000000000605,2.465400000000195,8.11985000000101,20
holdout,tau_y_150,path_length,TEB-minus-DWA degradation,-2.471338109618731,-3.303105333630654,-1.6794056167304467,20
holdout,tau_y_150,min_clearance,TEB-minus-DWA degradation,0.3583541932918056,0.24932106434570087,0.4714514334589027,20
holdout,tau_y_150,final_xy_error,TEB-minus-DWA degradation,2.1909526925373077,1.4337542609859866,2.9808340625140595,20
holdout,tau_y_300,success,TEB-minus-DWA degradation,-0.1,-0.25,0.0,20
holdout,tau_y_300,collision,TEB-minus-DWA degradation,0.0,0.0,0.0,20
holdout,tau_y_300,timeout,TEB-minus-DWA degradation,0.05,0.0,0.15,20
holdout,tau_y_300,planner_failure,TEB-minus-DWA degradation,0.05,-0.1,0.2,20
holdout,tau_y_300,capped_time_to_termination,TEB-minus-DWA degradation,3.2480000000001352,1.3344375000000326,5.595112500000308,20
holdout,tau_y_300,path_length,TEB-minus-DWA degradation,-0.8612994673158418,-1.4169380914571563,-0.3444544487540121,20
holdout,tau_y_300,min_clearance,TEB-minus-DWA degradation,0.1101747641300224,0.026891163882839512,0.20401183345434615,20
holdout,tau_y_300,final_xy_error,TEB-minus-DWA degradation,0.8930066983708022,0.43165798338573047,1.3910296555960584,20
holdout,tau_y_500,success,TEB-minus-DWA degradation,-0.15,-0.3,0.0,20
holdout,tau_y_500,collision,TEB-minus-DWA degradation,0.0,0.0,0.0,20
holdout,tau_y_500,timeout,TEB-minus-DWA degradation,0.0,0.0,0.0,20
holdout,tau_y_500,planner_failure,TEB-minus-DWA degradation,0.15,0.0,0.3,20
holdout,tau_y_500,capped_time_to_termination,TEB-minus-DWA degradation,3.652000000000151,2.1004500000000355,5.195087500000134,20
holdout,tau_y_500,path_length,TEB-minus-DWA degradation,-0.8655471455169744,-1.4329054891153516,-0.3348484687673979,20
holdout,tau_y_500,min_clearance,TEB-minus-DWA degradation,0.07824719432903326,-0.0034330043098118584,0.16622400759039896,20
holdout,tau_y_500,final_xy_error,TEB-minus-DWA degradation,0.8985562689826757,0.42200300317825634,1.4223384696484311,20
