partition,planner,profile_id,metric,estimate,ci_low,ci_high,n_layouts
discovery,dwa,delay_050,success,0.0,0.0,0.0,20
discovery,dwa,delay_050,collision,0.0,0.0,0.0,20
discovery,dwa,delay_050,timeout,-0.45,-0.65,-0.25,20
discovery,dwa,delay_050,planner_failure,0.45,0.25,0.65,20
discovery,dwa,delay_050,capped_time_to_termination,-10.77600000000077,-16.947587500001116,-4.9935000000003855,20
discovery,dwa,delay_050,path_length,-0.020030321325806056,-0.20778808497260876,0.2542616732450299,20
discovery,dwa,delay_050,min_clearance,-0.006822028429416355,-0.05524310652044654,0.024124961303558363,20
discovery,dwa,delay_050,final_xy_error,-0.08034785008862408,-0.2599878669627776,0.016908819435933056,20
discovery,dwa,delay_100,success,0.0,-0.15,0.15,20
discovery,dwa,delay_100,collision,-0.05,-0.15,0.0,20
discovery,dwa,delay_100,timeout,-0.45,-0.65,-0.25,20
discovery,dwa,delay_100,planner_failure,0.5,0.3,0.7,20
discovery,dwa,delay_100,capped_time_to_termination,-9.37950000000082,-14.03913750000106,-5.032425000000531,20
discovery,dwa,delay_100,path_length,0.10961025967799035,-0.7916115929662846,0.8950450451018528,20
discovery,dwa,delay_100,min_clearance,-0.010066811885174234,-0.15069777448214075,0.13003829902041072,20
discovery,dwa,delay_100,final_xy_error,-0.32272776156941385,-1.0178081540075825,0.38281056189515517,20
discovery,dwa,delay_200,success,-0.05,-0.15,0.0,20
discovery,dwa,delay_200,collision,-0.05,-0.15,0.0,20
discovery,dwa,delay_200,timeout,-0.35,-0.55,-0.15,20
discovery,dwa,delay_200,planner_failure,0.45,0.25,0.65,20
discovery,dwa,delay_200,capped_time_to_termination,-7.42200000000058,-12.179275000000864,-3.17487500000029,20
discovery,dwa,delay_200,path_length,0.4656498608281659,-0.2907557305199018,1.335305819096255,20
discovery,dwa,delay_200,min_clearance,-0.07063431006279469,-0.20626099253679753,0.051961076446766216,20
discovery,dwa,delay_200,final_xy_error,-0.5647769298033113,-1.3541710686869315,0.12685838087513063,20
discovery,dwa,tau_w_100,success,0.0,0.0,0.0,20
discovery,dwa,tau_w_100,collision,-0.05,-0.15,0.0,20
discovery,dwa,tau_w_100,timeout,0.05,0.0,0.15,20
discovery,dwa,tau_w_100,planner_failure,0.0,0.0,0.0,20
discovery,dwa,tau_w_100,capped_time_to_termination,0.4495000000000703,0.0,1.3485000000002108,20
discovery,dwa,tau_w_100,path_length,0.03518560821421933,-0.21742025671572696,0.3357099961240469,20
discovery,dwa,tau_w_100,min_clearance,0.013202372030320486,-0.05171033250997831,0.09164899932473716,20
discovery,dwa,tau_w_100,final_xy_error,-0.024269782506948844,-0.23676795691772567,0.14287707738681465,20
discovery,dwa,tau_w_300,success,0.1,0.0,0.25,20
discovery,dwa,tau_w_300,collision,0.0,0.0,0.0,20
discovery,dwa,tau_w_300,timeout,-0.1,-0.25,0.0,20
discovery,dwa,tau_w_300,planner_failure,0.0,0.0,0.0,20
discovery,dwa,tau_w_300,capped_time_to_termination,-0.8825000000000511,-2.6335625000001506,0.16300000000002549,20
discovery,dwa,tau_w_300,path_length,2.1248744816324927,1.2390067062294925,3.0450424206838096,20
discovery,dwa,tau_w_300,min_clearance,-0.29879812601893035,-0.4599069204879946,-0.1442813219719028,20
discovery,dwa,tau_w_300,final_xy_error,-1.698396303185044,-2.4010186417802206,-1.0501101233771932,20
discovery,dwa,tau_x_100,success,0.05,0.0,0.15,20
discovery,dwa,tau_x_100,collision,-0.05,-0.15,0.0,20
discovery,dwa,tau_x_100,timeout,0.0,-0.15,0.15,20
discovery,dwa,tau_x_100,planner_failure,0.0,0.0,0.0,20
discovery,dwa,tau_x_100,capped_time_to_termination,0.3510000000000549,-0.13200000000002063,1.190000000000186,20
discovery,dwa,tau_x_100,path_length,0.14020831095209632,-0.30830310797205557,0.8368369865297183,20
discovery,dwa,tau_x_100,min_clearance,0.013961784672040633,-0.06114023883601007,0.09417726120204797,20
discovery,dwa,tau_x_100,final_xy_error,-0.17468108837531532,-0.6998852227623963,0.14385912208028262,20
discovery,dwa,tau_x_300,success,0.05,0.0,0.15,20
discovery,dwa,tau_x_300,collision,-0.05,-0.15,0.0,20
discovery,dwa,tau_x_300,timeout,0.0,-0.15,0.15,20
discovery,dwa,tau_x_300,planner_failure,0.0,0.0,0.0,20
discovery,dwa,tau_x_300,capped_time_to_termination,0.5100000000000797,-0.6240000000000976,2.0145000000003153,20
discovery,dwa,tau_x_300,path_length,0.41087334999476255,-0.19969478356555032,1.255509524641034,20
discovery,dwa,tau_x_300,min_clearance,0.027971968245496914,-0.04815155412149697,0.11412812918775482,20
discovery,dwa,tau_x_300,final_xy_error,-0.32549237251001845,-0.9332070615754406,0.11613899738820906,20
discovery,dwa,tau_y_150,success,0.25,0.1,0.45,20
discovery,dwa,tau_y_150,collision,-0.05,-0.15,0.0,20
discovery,dwa,tau_y_150,timeout,-0.2,-0.4,0.0,20
discovery,dwa,tau_y_150,planner_failure,0.0,0.0,0.0,20
discovery,dwa,tau_y_150,capped_time_to_termination,-2.7945000000004256,-5.498225000000826,-0.16650000000002602,20
discovery,dwa,tau_y_150,path_length,2.3225168769215623,1.4902659846759805,3.1577329798582405,20
discovery,dwa,tau_y_150,min_clearance,-0.3121731750501775,-0.4638300314137745,-0.16767328821802985,20
discovery,dwa,tau_y_150,final_xy_error,-1.9956978735978492,-2.7286941170975596,-1.2857863389082664,20
discovery,dwa,tau_y_300,success,0.1,0.0,0.25,20
discovery,dwa,tau_y_300,collision,-0.05,-0.15,0.0,20
discovery,dwa,tau_y_300,timeout,-0.05,-0.2,0.1,20
discovery,dwa,tau_y_300,planner_failure,0.0,0.0,0.0,20
discovery,dwa,tau_y_300,capped_time_to_termination,-0.2820000000000441,-1.6901125000002641,0.9488625000001285,20
discovery,dwa,tau_y_300,path_length,0.9258017889459141,0.19168616484963835,1.7722578238918587,20
discovery,dwa,tau_y_300,min_clearance,-0.06879576164747121,-0.19775298999208993,0.050245102534244454,20
discovery,dwa,tau_y_300,final_xy_error,-0.8046061225575484,-1.4952665538748353,-0.23373084455171542,20
discovery,dwa,tau_y_500,success,0.05,0.0,0.15,20
discovery,dwa,tau_y_500,collision,-0.05,-0.15,0.0,20
discovery,dwa,tau_y_500,timeout,0.0,-0.15,0.15,20
discovery,dwa,tau_y_500,planner_failure,0.0,0.0,0.0,20
discovery,dwa,tau_y_500,capped_time_to_termination,0.531000000000083,-0.5460000000000853,1.741500000000272,20
discovery,dwa,tau_y_500,path_length,0.6982454219679681,0.12745643777098664,1.3405221469940736,20
discovery,dwa,tau_y_500,min_clearance,-0.044334523483218403,-0.17173569737634042,0.07785541587239965,20
discovery,dwa,tau_y_500,final_xy_error,-0.6207976727569103,-1.1406333121510137,-0.164774839504765,20
discovery,teb,delay_050,success,0.05,0.0,0.15,20
discovery,teb,delay_050,collision,0.0,0.0,0.0,20
discovery,teb,delay_050,timeout,0.0,0.0,0.0,20
discovery,teb,delay_050,planner_failure,-0.05,-0.15,0.0,20
discovery,teb,delay_050,capped_time_to_termination,1.4114999999999789,0.8959999999999828,2.266012499999951,20
discovery,teb,delay_050,path_length,0.21461880568729766,0.02188010116262903,0.5815780925091736,20
discovery,teb,delay_050,min_clearance,-0.003903208998958708,-0.01694939143961842,0.01318728699797002,20
discovery,teb,delay_050,final_xy_error,-0.13821529535420557,-0.41119123615615355,-9.772209202468844e-05,20
discovery,teb,delay_100,success,0.05,0.0,0.15,20
discovery,teb,delay_100,collision,0.0,0.0,0.0,20
discovery,teb,delay_100,timeout,0.0,0.0,0.0,20
discovery,teb,delay_100,planner_failure,-0.05,-0.15,0.0,20
discovery,teb,delay_100,capped_time_to_termination,3.033000000000039,2.3019875000000045,4.029012500000028,20
discovery,teb,delay_100,path_length,0.2641147370295167,0.06289540387202516,0.6409704889953258,20
discovery,teb,delay_100,min_clearance,-0.01475491020246782,-0.03255923957149956,0.005243238548920842,20
discovery,teb,delay_100,final_xy_error,-0.13592214312253365,-0.41031350133553196,0.0035916441695978676,20
discovery,teb,delay_200,success,-0.1,-0.25,0.0,20
discovery,teb,delay_200,collision,0.0,0.0,0.0,20
discovery,teb,delay_200,timeout,0.0,0.0,0.0,20
discovery,teb,delay_200,planner_failure,0.1,0.0,0.25,20
discovery,teb,delay_200,capped_time_to_termination,5.676000000000469,4.122987500000376,6.995125000000691,20
discovery,teb,delay_200,path_length,-0.07367346520241558,-0.5163319673714083,0.22738515773274862,20
discovery,teb,delay_200,min_clearance,-0.0464204894685782,-0.06814172726164112,-0.025393311694302204,20
discovery,teb,delay_200,final_xy_error,0.2538202237597583,0.01015587841669994,0.6578540520866832,20
discovery,teb,tau_w_100,success,0.0,0.0,0.0,20
discovery,teb,tau_w_100,collision,0.0,0.0,0.0,20
discovery,teb,tau_w_100,timeout,0.0,0.0,0.0,20
discovery,teb,tau_w_100,planner_failure,0.0,0.0,0.0,20
discovery,teb,tau_w_100,capped_time_to_termination,1.2874999999999874,0.9884999999999906,1.6199999999999855,20
discovery,teb,tau_w_100,path_length,-0.015902701786939512,-0.026758244011104985,-0.005407417679605847,20
discovery,teb,tau_w_100,min_clearance,0.0026080359261905204,-0.008517263642270278,0.018392818946345153,20
discovery,teb,tau_w_100,final_xy_error,-0.0010139540265589099,-0.006773260470164147,0.004378328752506454,20
discovery,teb,tau_w_300,success,0.0,0.0,0.0,20
discovery,teb,tau_w_300,collision,0.0,0.0,0.0,20
discovery,teb,tau_w_300,timeout,0.0,0.0,0.0,20
discovery,teb,tau_w_300,planner_failure,0.0,0.0,0.0,20
discovery,teb,tau_w_300,capped_time_to_termination,6.60950000000057,5.173425000000383,8.113175000000771,20
discovery,teb,tau_w_300,path_length,-0.028978307953861783,-0.04232632647472494,-0.016135509296770423,20
discovery,teb,tau_w_300,min_clearance,-0.016938450855284885,-0.02864398136403006,-0.0064858022719083185,20
discovery,teb,tau_w_300,final_xy_error,-0.004341401411086002,-0.013533113067312775,0.005074414917928857,20
discovery,teb,tau_x_100,success,0.05,0.0,0.15,20
discovery,teb,tau_x_100,collision,0.0,0.0,0.0,20
discovery,teb,tau_x_100,timeout,0.0,0.0,0.0,20
discovery,teb,tau_x_100,planner_failure,-0.05,-0.15,0.0,20
discovery,teb,tau_x_100,capped_time_to_termination,0.7564999999999839,0.3064874999999935,1.6005249999999658,20
discovery,teb,tau_x_100,path_length,0.20713225036928568,0.013666235687623587,0.5764528982703961,20
discovery,teb,tau_x_100,min_clearance,0.003972066905780308,-0.006879491098536571,0.017745275812729704,20
discovery,teb,tau_x_100,final_xy_error,-0.12511385001955344,-0.3951519426968412,0.014832494451242881,20
discovery,teb,tau_x_300,success,-0.05,-0.15,0.0,20
discovery,teb,tau_x_300,collision,0.0,0.0,0.0,20
discovery,teb,tau_x_300,timeout,0.0,0.0,0.0,20
discovery,teb,tau_x_300,planner_failure,0.05,0.0,0.15,20
discovery,teb,tau_x_300,capped_time_to_termination,1.606000000000074,0.14992500000001446,2.6731250000001356,20
discovery,teb,tau_x_300,path_length,-0.09332090823416717,-0.6829621614563048,0.24889076441561814,20
discovery,teb,tau_x_300,min_clearance,-0.0011765280308176022,-0.01019445393709655,0.00648451896541887,20
discovery,teb,tau_x_300,final_xy_error,0.24697788015337752,0.014595274164250337,0.6977589722210871,20
discovery,teb,tau_y_150,success,0.0,0.0,0.0,20
discovery,teb,tau_y_150,collision,0.0,0.0,0.0,20
discovery,teb,tau_y_150,timeout,0.0,0.0,0.0,20
discovery,teb,tau_y_150,planner_failure,0.0,0.0,0.0,20
discovery,teb,tau_y_150,capped_time_to_termination,0.8889999999999828,0.6224999999999903,1.172024999999975,20
discovery,teb,tau_y_150,path_length,0.06654761559727582,0.03913967277582806,0.09551275159256183,20
discovery,teb,tau_y_150,min_clearance,-0.010669886517086277,-0.02687935440303188,0.008031279737467405,20
discovery,teb,tau_y_150,final_xy_error,0.0049220969928058245,-4.1874385461158786e-05,0.01057643262769245,20
discovery,teb,tau_y_300,success,0.0,-0.15,0.15,20
discovery,teb,tau_y_300,collision,0.0,0.0,0.0,20
discovery,teb,tau_y_300,timeout,0.0,0.0,0.0,20
discovery,teb,tau_y_300,planner_failure,0.0,-0.15,0.15,20
discovery,teb,tau_y_300,capped_time_to_termination,2.829000000000051,1.6453625000000724,4.079075000000004,20
discovery,teb,tau_y_300,path_length,0.19861756757026325,-0.15973382642546233,0.666201531837899,20
discovery,teb,tau_y_300,min_clearance,-0.02795000213549135,-0.04634043800001489,-0.009583967523919736,20
discovery,teb,tau_y_300,final_xy_error,-0.044485349317677766,-0.39491029207776196,0.245612743215475,20
discovery,teb,tau_y_500,success,-0.1,-0.25,0.0,20
discovery,teb,tau_y_500,collision,0.1,0.0,0.25,20
discovery,teb,tau_y_500,timeout,0.0,0.0,0.0,20
discovery,teb,tau_y_500,planner_failure,0.0,0.0,0.0,20
discovery,teb,tau_y_500,capped_time_to_termination,4.260000000000289,2.8663625000002315,5.640687500000412,20
discovery,teb,tau_y_500,path_length,-0.02597496810597384,-0.3375742397243193,0.20497195660995035,20
discovery,teb,tau_y_500,min_clearance,-0.046482901991238286,-0.07297251693561252,-0.018243269979185035,20
discovery,teb,tau_y_500,final_xy_error,0.19084375458771657,0.011301487497172736,0.45554707940520794,20
holdout,dwa,delay_050,success,0.0,0.0,0.0,20
holdout,dwa,delay_050,collision,0.0,0.0,0.0,20
holdout,dwa,delay_050,timeout,-0.35,-0.55,-0.15,20
holdout,dwa,delay_050,planner_failure,0.35,0.15,0.55,20
holdout,dwa,delay_050,capped_time_to_termination,-9.94000000000066,-15.620000000001038,-4.260000000000284,20
holdout,dwa,delay_050,path_length,-0.056465483449490705,-0.11835706566745297,0.002959983151486449,20
holdout,dwa,delay_050,min_clearance,0.007861564576058095,-0.003158286564135584,0.02053348632884313,20
holdout,dwa,delay_050,final_xy_error,0.007098034603188319,-0.007099328355349029,0.019756322535837346,20
holdout,dwa,delay_100,success,0.1,0.0,0.25,20
holdout,dwa,delay_100,collision,0.0,0.0,0.0,20
holdout,dwa,delay_100,timeout,-0.35,-0.55,-0.15,20
holdout,dwa,delay_100,planner_failure,0.25,0.1,0.45,20
holdout,dwa,delay_100,capped_time_to_termination,-3.9725000000004975,-7.26787500000077,-1.3275000000002075,20
holdout,dwa,delay_100,path_length,0.656936024601087,-0.09402315094586051,1.4955719091765642,20
holdout,dwa,delay_100,min_clearance,-0.1187866316995444,-0.2407366009320326,-0.003195777299987661,20
holdout,dwa,delay_100,final_xy_error,-0.7365738390327552,-1.4892557050428048,-0.03644151757804859,20
holdout,dwa,delay_200,success,0.0,0.0,0.0,20
holdout,dwa,delay_200,collision,0.0,0.0,0.0,20
holdout,dwa,delay_200,timeout,-0.4,-0.6,-0.2,20
holdout,dwa,delay_200,planner_failure,0.4,0.2,0.6,20
holdout,dwa,delay_200,capped_time_to_termination,-3.857500000000486,-7.025125000000747,-1.5373750000002422,20
holdout,dwa,delay_200,path_length,0.8690382896034908,0.2681377492032033,1.6011213529419763,20
holdout,dwa,delay_200,min_clearance,-0.14459290793595098,-0.2462071281926786,-0.05582262977703478,20
holdout,dwa,delay_200,final_xy_error,-0.9159530345320149,-1.6253940038122123,-0.34131117937205074,20
holdout,dwa,tau_w_100,success,0.0,0.0,0.0,20
holdout,dwa,tau_w_100,collision,0.0,0.0,0.0,20
holdout,dwa,tau_w_100,timeout,0.0,0.0,0.0,20
holdout,dwa,tau_w_100,planner_failure,0.0,0.0,0.0,20
holdout,dwa,tau_w_100,capped_time_to_termination,0.0,0.0,0.0,20
holdout,dwa,tau_w_100,path_length,0.0157595978405353,-0.06078211264188826,0.0631438115743232,20
holdout,dwa,tau_w_100,min_clearance,-0.0055613243965098496,-0.009522321256513658,-0.001661605980004905,20
holdout,dwa,tau_w_100,final_xy_error,0.019839887252380395,-0.0025963068554176517,0.06069797603033932,20
holdout,dwa,tau_w_300,success,0.05,0.0,0.15,20
holdout,dwa,tau_w_300,collision,0.0,0.0,0.0,20
holdout,dwa,tau_w_300,timeout,-0.1,-0.25,0.0,20
holdout,dwa,tau_w_300,planner_failure,0.05,0.0,0.15,20
holdout,dwa,tau_w_300,capped_time_to_termination,-1.238000000000129,-3.5385000000003592,0.0,20
holdout,dwa,tau_w_300,path_length,1.6108519814284743,0.8820979221436943,2.302427487108403,20
holdout,dwa,tau_w_300,min_clearance,-0.3105244370027982,-0.4537147732978284,-0.16172100941084697,20
holdout,dwa,tau_w_300,final_xy_error,-1.2975781200116627,-1.9080827780445597,-0.690872854931302,20
holdout,dwa,tau_x_100,success,0.0,0.0,0.0,20
holdout,dwa,tau_x_100,collision,0.0,0.0,0.0,20
holdout,dwa,tau_x_100,timeout,0.0,0.0,0.0,20
holdout,dwa,tau_x_100,planner_failure,0.0,0.0,0.0,20
holdout,dwa,tau_x_100,capped_time_to_termination,0.0,0.0,0.0,20
holdout,dwa,tau_x_100,path_length,-0.3248408192988135,-0.6413387814309404,-0.07619019109373183,20
holdout,dwa,tau_x_100,min_clearance,0.04400017818497491,0.00265285763029684,0.10257224253029738,20
holdout,dwa,tau_x_100,final_xy_error,0.18135004829172882,-0.0009829896356170487,0.44267874386645245,20
holdout,dwa,tau_x_300,success,0.0,0.0,0.0,20
holdout,dwa,tau_x_300,collision,0.0,0.0,0.0,20
holdout,dwa,tau_x_300,timeout,0.0,0.0,0.0,20
holdout,dwa,tau_x_300,planner_failure,0.0,0.0,0.0,20
holdout,dwa,tau_x_300,capped_time_to_termination,0.0,0.0,0.0,20
holdout,dwa,tau_x_300,path_length,-0.34156263119592595,-0.6906935033077509,-0.09281990257500147,20
holdout,dwa,tau_x_300,min_clearance,0.05215442761912681,0.006778585721361859,0.11561870097566129,20
holdout,dwa,tau_x_300,final_xy_error,0.20380484639966104,0.02076852007459302,0.4532252413715721,20
holdout,dwa,tau_y_150,success,0.3,0.1,0.5,20
holdout,dwa,tau_y_150,collision,0.0,0.0,0.0,20
holdout,dwa,tau_y_150,timeout,-0.3,-0.5,-0.1,20
holdout,dwa,tau_y_150,planner_failure,0.0,0.0,0.0,20
holdout,dwa,tau_y_150,capped_time_to_termination,-4.119000000000628,-7.073187500001074,-1.423000000000218,20
holdout,dwa,tau_y_150,path_length,2.568222315105648,1.7622258454601099,3.38317988185646,20
holdout,dwa,tau_y_150,min_clearance,-0.3711245107129654,-0.4796995762570832,-0.26102726139146576,20
holdout,dwa,tau_y_150,final_xy_error,-2.1873651691122133,-2.9644044897155064,-1.4226214259467627,20
holdout,dwa,tau_y_300,success,0.0,0.0,0.0,20
holdout,dwa,tau_y_300,collision,0.0,0.0,0.0,20
holdout,dwa,tau_y_300,timeout,-0.05,-0.15,0.0,20
holdout,dwa,tau_y_300,planner_failure,0.05,0.0,0.15,20
holdout,dwa,tau_y_300,capped_time_to_termination,-0.9700000000001037,-2.910000000000311,0.0,20
holdout,dwa,tau_y_300,path_length,0.721092546719494,0.27105566256076025,1.229012042831429,20
holdout,dwa,tau_y_300,min_clearance,-0.14186053657634914,-0.23865937872546134,-0.058046601401560365,20
holdout,dwa,tau_y_300,final_xy_error,-0.6185141551155772,-1.0562871926042032,-0.23354044742801985,20
holdout,dwa,tau_y_500,success,0.0,0.0,0.0,20
holdout,dwa,tau_y_500,collision,0.0,0.0,0.0,20
holdout,dwa,tau_y_500,timeout,0.0,0.0,0.0,20
holdout,dwa,tau_y_500,planner_failure,0.0,0.0,0.0,20
holdout,dwa,tau_y_500,capped_time_to_termination,0.0,0.0,0.0,20
holdout,dwa,tau_y_500,path_length,0.658099995960238,0.2716057308141353,1.1014480470273689,20
holdout,dwa,tau_y_500,min_clearance,-0.12122752336879236,-0.2056871406011368,-0.046264153602161476,20
holdout,dwa,tau_y_500,final_xy_error,-0.5657650826342344,-0.9487752929968974,-0.22203496984432552,20
holdout,teb,delay_050,success,0.0,0.0,0.0,20
holdout,teb,delay_050,collision,0.0,0.0,0.0,20
holdout,teb,delay_050,timeout,0.0,0.0,0.0,20
holdout,teb,delay_050,planner_failure,0.0,0.0,0.0,20
holdout,teb,delay_050,capped_time_to_termination,0.7749999999999835,0.6004999999999872,0.9319999999999802,20
holdout,teb,delay_050,path_length,0.03297113384395513,0.00027021847213441486,0.06028882037131111,20
holdout,teb,delay_050,min_clearance,-0.002298444050815284,-0.02703822763581758,0.02411436268004018,20
holdout,teb,delay_050,final_xy_error,0.007565807505804506,-0.0028715646838759403,0.024905888331985596,20
holdout,teb,delay_100,success,0.0,0.0,0.0,20
holdout,teb,delay_100,collision,0.0,0.0,0.0,20
holdout,teb,delay_100,timeout,0.0,0.0,0.0,20
holdout,teb,delay_100,planner_failure,0.0,0.0,0.0,20
holdout,teb,delay_100,capped_time_to_termination,2.217499999999979,1.8154874999999748,2.6100000000000003,20
holdout,teb,delay_100,path_length,0.092722009032189,0.05646673222787344,0.12814805261109805,20
holdout,teb,delay_100,min_clearance,-0.011797093954131784,-0.026063984179063703,0.003930165475430785,20
holdout,teb,delay_100,final_xy_error,0.005774201703200019,-0.0034977909365878166,0.01735749341296778,20
holdout,teb,delay_200,success,-0.1,-0.25,0.0,20
holdout,teb,delay_200,collision,0.0,0.0,0.0,20
holdout,teb,delay_200,timeout,0.0,0.0,0.0,20
holdout,teb,delay_200,planner_failure,0.1,0.0,0.25,20
holdout,teb,delay_200,capped_time_to_termination,5.071500000000265,3.3708875000001304,6.539037500000326,20
holdout,teb,delay_200,path_length,-0.007209160859624053,-0.4298833385192246,0.29718592110596387,20
holdout,teb,delay_200,min_clearance,-0.031769817590397244,-0.05178089389907488,-0.009421238404902074,20
holdout,teb,delay_200,final_xy_error,0.24067476590260245,-0.0004267979544153734,0.6043881171966381,20
holdout,teb,tau_w_100,success,0.0,0.0,0.0,20
holdout,teb,tau_w_100,collision,0.0,0.0,0.0,20
holdout,teb,tau_w_100,timeout,0.0,0.0,0.0,20
holdout,teb,tau_w_100,planner_failure,0.0,0.0,0.0,20
holdout,teb,tau_w_100,capped_time_to_termination,0.9869999999999799,0.7339749999999844,1.2600124999999756,20
holdout,teb,tau_w_100,path_length,0.006246482208780935,-0.006532676810289428,0.017980912370825046,20
holdout,teb,tau_w_100,min_clearance,0.0020737469403105473,-0.013884396609825043,0.019524396182219073,20
holdout,teb,tau_w_100,final_xy_error,-0.008446839349408555,-0.014198366768635527,-0.0029872747982839236,20
holdout,teb,tau_w_300,success,0.0,0.0,0.0,20
holdout,teb,tau_w_300,collision,0.0,0.0,0.0,20
holdout,teb,tau_w_300,timeout,0.0,0.0,0.0,20
holdout,teb,tau_w_300,planner_failure,0.0,0.0,0.0,20
holdout,teb,tau_w_300,capped_time_to_termination,5.148000000000244,3.993975000000114,6.383550000000345,20
holdout,teb,tau_w_300,path_length,-0.014020864483009775,-0.03183940105234176,0.0026493498908384382,20
holdout,teb,tau_w_300,min_clearance,0.00305958661124028,-0.01195058869453094,0.01979835568045211,20
holdout,teb,tau_w_300,final_xy_error,-0.006906840098042033,-0.017606614142662333,0.006946624171853523,20
holdout,teb,tau_x_100,success,0.0,0.0,0.0,20
holdout,teb,tau_x_100,collision,0.0,0.0,0.0,20
holdout,teb,tau_x_100,timeout,0.0,0.0,0.0,20
holdout,teb,tau_x_100,planner_failure,0.0,0.0,0.0,20
holdout,teb,tau_x_100,capped_time_to_termination,0.33599999999999286,0.281487499999994,0.39201249999999144,20
holdout,teb,tau_x_100,path_length,0.006245055698790569,-0.012923013702913922,0.024676986636525407,20
holdout,teb,tau_x_100,min_clearance,0.0050319490799035525,-0.012358678282854694,0.020196965138806474,20
holdout,teb,tau_x_100,final_xy_error,0.0036861659467787313,-0.006221353401615547,0.017792514422450535,20
holdout,teb,tau_x_300,success,0.0,0.0,0.0,20
holdout,teb,tau_x_300,collision,0.0,0.0,0.0,20
holdout,teb,tau_x_300,timeout,0.0,0.0,0.0,20
holdout,teb,tau_x_300,planner_failure,0.0,0.0,0.0,20
holdout,teb,tau_x_300,capped_time_to_termination,1.4220000000000101,1.0934749999999769,1.8790000000000537,20
holdout,teb,tau_x_300,path_length,0.05956540739696468,0.009913466732253153,0.12777798585902275,20
holdout,teb,tau_x_300,min_clearance,0.00224305903493915,-0.009996396616429181,0.015461733532682953,20
holdout,teb,tau_x_300,final_xy_error,0.0022127261220292087,-0.009638842787852167,0.01675523001389724,20
holdout,teb,tau_y_150,success,0.0,0.0,0.0,20
holdout,teb,tau_y_150,collision,0.0,0.0,0.0,20
holdout,teb,tau_y_150,timeout,0.0,0.0,0.0,20
holdout,teb,tau_y_150,planner_failure,0.0,0.0,0.0,20
holdout,teb,tau_y_150,capped_time_to_termination,1.0909999999999782,0.8599999999999834,1.3315124999999801,20
holdout,teb,tau_y_150,path_length,0.09688420548691748,0.06891179664371341,0.12620320369245303,20
holdout,teb,tau_y_150,min_clearance,-0.012770317421159827,-0.02457729099088485,-0.0009961790526822622,20
holdout,teb,tau_y_150,final_xy_error,0.0035875234250942164,-0.0007170059278623895,0.007835280709284635,20
holdout,teb,tau_y_300,success,-0.1,-0.25,0.0,20
holdout,teb,tau_y_300,collision,0.0,0.0,0.0,20
holdout,teb,tau_y_300,timeout,0.0,0.0,0.0,20
holdout,teb,tau_y_300,planner_failure,0.1,0.0,0.25,20
holdout,teb,tau_y_300,capped_time_to_termination,2.2780000000000316,1.0219750000000094,3.363575000000155,20
holdout,teb,tau_y_300,path_length,-0.14020692059634762,-0.5678726119093086,0.15787702200216,20
holdout,teb,tau_y_300,min_clearance,-0.03168577244632674,-0.05275552992292408,-0.00885040467358455,20
holdout,teb,tau_y_300,final_xy_error,0.2744925432552249,0.009826119900714341,0.6665380042427145,20
holdout,teb,tau_y_500,success,-0.15,-0.3,0.0,20
holdout,teb,tau_y_500,collision,0.0,0.0,0.0,20
holdout,teb,tau_y_500,timeout,0.0,0.0,0.0,20
holdout,teb,tau_y_500,planner_failure,0.15,0.0,0.3,20
holdout,teb,tau_y_500,capped_time_to_termination,3.652000000000151,2.0134375000000553,5.16152500000021,20
holdout,teb,tau_y_500,path_length,-0.2074471495567364,-0.6171500192352193,0.13108418806541883,20
holdout,teb,tau_y_500,min_clearance,-0.042980329039759096,-0.07067113980735275,-0.012341289419764088,20
holdout,teb,tau_y_500,final_xy_error,0.3327911863484412,0.015528768615746875,0.7232225066763506,20
