partition,group,predictor,statistic,estimate
discovery,tr,e_v,auroc,0.5555555555555556
discovery,tr,e_v,auprc,0.6729818585317306
discovery,tr,e_x,auroc,0.2847222222222222
discovery,tr,e_x,auprc,0.41752197184119383
discovery,tr,c_min,auroc,0.1875
discovery,tr,c_min,auprc,0.3744640765774162
discovery,tr,u_magnitude,auroc,0.2222222222222222
discovery,tr,u_magnitude,auprc,0.49348411091832145
discovery,tr,delta_u_magnitude,auroc,0.4097222222222222
discovery,tr,delta_u_magnitude,auprc,0.5594874868330246
discovery,tr,m_p,auroc,0.20833333333333334
discovery,tr,m_p,auprc,0.3965678041764998
discovery,tr,theta_magnitude,auroc,0.4340277777777778
discovery,tr,theta_magnitude,auprc,0.4874756335282651
discovery,tr,m_pf,auroc,0.4895833333333333
discovery,tr,m_pf,auprc,0.5150093370681605
discovery,tr,ordinary_combined,auroc,0.9236111111111112
discovery,tr,ordinary_combined,auprc,0.9514652014652015
discovery,tr,ordinary_plus_m_pf,auroc,0.9305555555555556
discovery,tr,ordinary_plus_m_pf,auprc,0.9464447102604998
discovery,teb,e_v,auroc,0.5416666666666666
discovery,teb,e_v,auprc,0.6563082385450805
discovery,teb,e_x,auroc,0.6180555555555556
discovery,teb,e_x,auprc,0.5581626978685803
discovery,teb,c_min,auroc,0.8263888888888888
discovery,teb,c_min,auprc,0.8666650751209575
discovery,teb,u_magnitude,auroc,0.3819444444444444
discovery,teb,u_magnitude,auprc,0.5113104695105974
discovery,teb,delta_u_magnitude,auroc,0.4513888888888889
discovery,teb,delta_u_magnitude,auprc,0.5045500996587953
discovery,teb,m_p,auroc,0.7291666666666666
discovery,teb,m_p,auprc,0.7209819055213791
discovery,teb,theta_magnitude,auroc,0.6909722222222222
discovery,teb,theta_magnitude,auprc,0.6446608946608947
discovery,teb,m_pf,auroc,0.3819444444444444
discovery,teb,m_pf,auprc,0.4367431588019824
discovery,teb,ordinary_combined,auroc,0.8125
discovery,teb,ordinary_combined,auprc,0.8597011784511785
discovery,teb,ordinary_plus_m_pf,auroc,0.8125
discovery,teb,ordinary_plus_m_pf,auprc,0.8663149350649353
discovery,dwa,e_v,auroc,0.3888888888888889
discovery,dwa,e_v,auprc,0.5387272857861094
discovery,dwa,e_x,auroc,0.4791666666666667
discovery,dwa,e_x,auprc,0.6478464525097651
discovery,dwa,c_min,auroc,0.19444444444444445
discovery,dwa,c_min,auprc,0.3692274770199962
discovery,dwa,u_magnitude,auroc,0.125
discovery,dwa,u_magnitude,auprc,0.3535623017669726
discovery,dwa,delta_u_magnitude,auroc,0.4652777777777778
discovery,dwa,delta_u_magnitude,auprc,0.6184002043135168
discovery,dwa,m_p,auroc,0.6284722222222222
discovery,dwa,m_p,auprc,0.5821553317683349
discovery,dwa,theta_magnitude,auroc,0.6111111111111112
discovery,dwa,theta_magnitude,auprc,0.7662037037037037
discovery,dwa,m_pf,auroc,0.3055555555555556
discovery,dwa,m_pf,auprc,0.41190476190476194
discovery,dwa,ordinary_combined,auroc,0.875
discovery,dwa,ordinary_combined,auprc,0.9027463549522372
discovery,dwa,ordinary_plus_m_pf,auroc,0.8958333333333334
discovery,dwa,ordinary_plus_m_pf,auprc,0.9205882352941176
discovery,pooled,e_v,auroc,0.4783950617283951
discovery,pooled,e_v,auprc,0.5833490737161615
discovery,pooled,e_x,auroc,0.4683641975308642
discovery,pooled,e_x,auprc,0.48252292546490466
discovery,pooled,c_min,auroc,0.4066358024691358
discovery,pooled,c_min,auprc,0.43650188930672434
discovery,pooled,u_magnitude,auroc,0.25771604938271603
discovery,pooled,u_magnitude,auprc,0.3930746734987076
discovery,pooled,delta_u_magnitude,auroc,0.44135802469135804
discovery,pooled,delta_u_magnitude,auprc,0.49065287525538503
discovery,pooled,m_p,auroc,0.5439814814814815
discovery,pooled,m_p,auprc,0.5669196581412039
discovery,pooled,theta_magnitude,auroc,0.6030092592592593
discovery,pooled,theta_magnitude,auprc,0.6154538248553079
discovery,pooled,m_pf,auroc,0.38310185185185186
discovery,pooled,m_pf,auprc,0.4219145011170672
discovery,pooled,ordinary_combined,auroc,0.878858024691358
discovery,pooled,ordinary_combined,auprc,0.9010986671467034
discovery,pooled,ordinary_plus_m_pf,auroc,0.8873456790123457
discovery,pooled,ordinary_plus_m_pf,auprc,0.9064992056034826
holdout,tr,e_v,auroc,0.5069444444444444
holdout,tr,e_v,auprc,0.6519582470669427
holdout,tr,e_x,auroc,0.4513888888888889
holdout,tr,e_x,auprc,0.5621534758241415
holdout,tr,c_min,auroc,0.7569444444444444
holdout,tr,c_min,auprc,0.7899122807017543
holdout,tr,u_magnitude,auroc,0.6944444444444444
holdout,tr,u_magnitude,auprc,0.7752525252525253
holdout,tr,delta_u_magnitude,auroc,0.4375
holdout,tr,delta_u_magnitude,auprc,0.5246858465608466
holdout,tr,m_p,auroc,0.16319444444444445
holdout,tr,m_p,auprc,0.3673680150931463
holdout,tr,theta_magnitude,auroc,0.3090277777777778
holdout,tr,theta_magnitude,auprc,0.41092555105713
holdout,tr,m_pf,auroc,0.5243055555555556
holdout,tr,m_pf,auprc,0.6295454545454544
holdout,tr,ordinary_combined,auroc,0.4236111111111111
holdout,tr,ordinary_combined,auprc,0.5356560350603963
holdout,tr,ordinary_plus_m_pf,auroc,0.4166666666666667
holdout,tr,ordinary_plus_m_pf,auprc,0.5561068762155719
holdout,teb,e_v,auroc,0.5763888888888888
holdout,teb,e_v,auprc,0.5875704522086102
holdout,teb,e_x,auroc,0.6944444444444444
holdout,teb,e_x,auprc,0.7295700766095502
holdout,teb,c_min,auroc,0.7777777777777778
holdout,teb,c_min,auprc,0.853373015873016
holdout,teb,u_magnitude,auroc,0.6111111111111112
holdout,teb,u_magnitude,auprc,0.727288890384529
holdout,teb,delta_u_magnitude,auroc,0.7222222222222222
holdout,teb,delta_u_magnitude,auprc,0.6707479805196523
holdout,teb,m_p,auroc,0.6909722222222222
holdout,teb,m_p,auprc,0.69622113997114
holdout,teb,theta_magnitude,auroc,0.5868055555555556
holdout,teb,theta_magnitude,auprc,0.573015873015873
holdout,teb,m_pf,auroc,0.5729166666666666
holdout,teb,m_pf,auprc,0.587427328424182
holdout,teb,ordinary_combined,auroc,0.4166666666666667
holdout,teb,ordinary_combined,auprc,0.6326114389043449
holdout,teb,ordinary_plus_m_pf,auroc,0.4722222222222222
holdout,teb,ordinary_plus_m_pf,auprc,0.6481218057305014
holdout,dwa,e_v,auroc,0.4027777777777778
holdout,dwa,e_v,auprc,0.5479327775767404
holdout,dwa,e_x,auroc,0.2638888888888889
holdout,dwa,e_x,auprc,0.5118152680652681
holdout,dwa,c_min,auroc,0.6111111111111112
holdout,dwa,c_min,auprc,0.6080577918813213
holdout,dwa,u_magnitude,auroc,0.2361111111111111
holdout,dwa,u_magnitude,auprc,0.39592373206503645
holdout,dwa,delta_u_magnitude,auroc,0.18055555555555555
holdout,dwa,delta_u_magnitude,auprc,0.37872189944558365
holdout,dwa,m_p,auroc,0.6388888888888888
holdout,dwa,m_p,auprc,0.6452241715399611
holdout,dwa,theta_magnitude,auroc,0.5763888888888888
holdout,dwa,theta_magnitude,auprc,0.6657407407407407
holdout,dwa,m_pf,auroc,0.19444444444444445
holdout,dwa,m_pf,auprc,0.3939935064935065
holdout,dwa,ordinary_combined,auroc,0.7361111111111112
holdout,dwa,ordinary_combined,auprc,0.6644436853995677
holdout,dwa,ordinary_plus_m_pf,auroc,0.8333333333333334
holdout,dwa,ordinary_plus_m_pf,auprc,0.7589629790287683
holdout,pooled,e_v,auroc,0.49074074074074076
holdout,pooled,e_v,auprc,0.5716808924915395
holdout,pooled,e_x,auroc,0.48842592592592593
holdout,pooled,e_x,auprc,0.5875912148313487
holdout,pooled,c_min,auroc,0.7260802469135802
holdout,pooled,c_min,auprc,0.7641629580237841
holdout,pooled,u_magnitude,auroc,0.49074074074074076
holdout,pooled,u_magnitude,auprc,0.5608866130473186
holdout,pooled,delta_u_magnitude,auroc,0.4637345679012346
holdout,pooled,delta_u_magnitude,auprc,0.5258292297728535
holdout,pooled,m_p,auroc,0.4664351851851852
holdout,pooled,m_p,auprc,0.48370546724073227
holdout,pooled,theta_magnitude,auroc,0.4992283950617284
holdout,pooled,theta_magnitude,auprc,0.5161258012820513
holdout,pooled,m_pf,auroc,0.4020061728395062
holdout,pooled,m_pf,auprc,0.46917204258378575
holdout,pooled,ordinary_combined,auroc,0.5493827160493827
holdout,pooled,ordinary_combined,auprc,0.5749640994374523
holdout,pooled,ordinary_plus_m_pf,auroc,0.5995370370370371
holdout,pooled,ordinary_plus_m_pf,auprc,0.6279402616543905
