snapshot_id,source,partition,planner,layout_id,layout_cluster,episode_id,profile_id,call_index,snapshot_time,normalized_path_progress,y_bad,mechanisms,label_collision,label_planner_failure,label_command_collapse,label_progress_stall,label_oscillatory_reversal_vy,label_oscillatory_reversal_wz,delay,delay_normalized,tau_x,tau_x_normalized,tau_y,tau_y_normalized,tau_w,tau_w_normalized,theta_magnitude,e_v,e_x,c_min,u_magnitude,delta_u_magnitude,m_p,m_pf,m_p_censored,m_pf_censored,baseline_query_mismatch,nominal_rollout_failure,m_p_queries,m_pf_queries,recorded_command,baseline_query_command
eipt_001,phase2,discovery,dwa,discovery_02,phase2:discovery_02,discovery__discovery_02__dwa__delay_050,delay_050,5,0.25000000000000006,0.0008919888572626247,1,planner_failure;progress_stall,0,1,0,1,0,0,0.05,0.25,0.0,0.0,0.0,0.0,0.0,0.0,0.25,0.04025892042172113,1.2561413461981664e-14,0.5258846914149731,0.19862174542653105,0.0,0.125,2.0,0,1,0,0,62,26,"{""vx"":0.00571428844705224,""vy"":-0.06285714358091354,""wz"":-0.06710526347160341}","{""vx"":0.00571428844705224,""vy"":-0.06285714358091354,""wz"":-0.06710526347160341}"
eipt_002,phase2,discovery,dwa,discovery_03,phase2:discovery_03,discovery__discovery_03__dwa__tau_x_100,tau_x_100,5,0.25000000000000006,0.0021603416106045223,1,command_collapse;progress_stall,0,0,1,1,0,0,0.0,0.0,0.1,0.33333333333333337,0.0,0.0,0.0,0.0,0.33333333333333337,0.14233268408640226,0.008993584770726428,0.5985157647150176,0.16328141081933012,0.14322541361693542,0.125,0.75,0,0,0,0,63,30,"{""vx"":0.001030903891660273,""vy"":-0.057142868638038635,""wz"":-7.352546571581797e-09}","{""vx"":0.001030903891660273,""vy"":-0.057142868638038635,""wz"":-7.352546571581797e-09}"
eipt_003,phase2,discovery,dwa,discovery_04,phase2:discovery_04,discovery__discovery_04__dwa__tau_w_300,tau_w_300,5,0.25000000000000006,0.0014826890776357714,1,command_collapse;progress_stall,0,0,1,1,0,0,0.0,0.0,0.0,0.0,0.0,0.0,0.3,1.0,1.0,0.09600452428944133,0.08635418853366339,0.5679652283505724,0.19185610731086325,0.08381210304200283,0.09375,2.0,0,1,0,0,64,32,"{""vx"":0.0057142856530845165,""vy"":-0.04571428522467613,""wz"":-0.1119655892252922}","{""vx"":0.0057142856530845165,""vy"":-0.04571428522467613,""wz"":-0.1119655892252922}"
eipt_004,phase2,discovery,dwa,discovery_05,phase2:discovery_05,discovery__discovery_05__dwa__tau_y_500,tau_y_500,5,0.25000000000000006,0.0003577302069380358,1,progress_stall,0,0,0,1,0,0,0.0,0.0,0.0,0.0,0.5,1.0,0.0,0.0,1.0,0.12326612266279369,0.07612970886707081,0.7964003955325032,0.31309596394921296,0.04745095174703496,0.125,0.5,0,0,0,0,64,34,"{""vx"":0.011428574100136757,""vy"":-0.05685737356543541,""wz"":-0.21315789222717285}","{""vx"":0.011428574100136757,""vy"":-0.05685737356543541,""wz"":-0.21315789222717285}"
eipt_005,phase2,discovery,dwa,discovery_07,phase2:discovery_07,discovery__discovery_07__dwa__e0,e0,5,0.25000000000000006,0.0014844514447818111,1,progress_stall,0,0,0,1,0,0,0.0,0.0,0.0,0.0,0.0,0.0,0.0,0.0,0.0,0.03219419374281255,1.25619374978378e-14,0.6389767092830807,0.19903856002209255,0.03219419374281255,0.125,2.0,0,1,0,0,65,24,"{""vx"":0.011428574100136757,""vy"":-0.04571428522467613,""wz"":-0.11842105537652968}","{""vx"":0.011428574100136757,""vy"":-0.04571428522467613,""wz"":-0.11842105537652968}"
eipt_006,phase2,discovery,dwa,discovery_10,phase2:discovery_10,discovery__discovery_10__dwa__e0,e0,12,0.6000000000000003,0.015005494917719285,1,progress_stall,0,0,0,1,0,0,0.0,0.0,0.0,0.0,0.0,0.0,0.0,0.0,0.0,0.10653315824534319,6.661428497319261e-14,0.8492865125616175,0.4423496561990709,0.10653315824534319,0.25,0.09375,0,0,0,0,68,26,"{""vx"":-0.005714284721761942,""vy"":-0.15428569912910461,""wz"":0.027631554752588272}","{""vx"":-0.005714284721761942,""vy"":-0.15428569912910461,""wz"":0.027631554752588272}"
eipt_007,phase2,discovery,dwa,discovery_13,phase2:discovery_13,discovery__discovery_13__dwa__tau_x_100,tau_x_100,5,0.25000000000000006,0.0,1,progress_stall,0,0,0,1,0,0,0.0,0.0,0.1,0.33333333333333337,0.0,0.0,0.0,0.0,0.33333333333333337,0.14836285504694904,0.008993538822686768,0.4915324851191422,0.31952544563048263,0.148184356535611,0.125,0.125,0,0,0,0,64,25,"{""vx"":-0.05068220943212509,""vy"":-0.03999999910593033,""wz"":0.22105263173580172}","{""vx"":-0.05068220943212509,""vy"":-0.03999999910593033,""wz"":0.22105263173580172}"
eipt_008,phase2,discovery,dwa,discovery_14,phase2:discovery_14,discovery__discovery_14__dwa__tau_w_300,tau_w_300,5,0.25000000000000006,0.0016480064569264216,1,command_collapse;progress_stall,0,0,1,1,0,0,0.0,0.0,0.0,0.0,0.0,0.0,0.3,1.0,1.0,0.09600452428944133,0.08635418853366339,1.00587912060008,0.19185610731086325,0.08381210304200283,0.09375,2.0,0,1,0,0,64,32,"{""vx"":0.0057142856530845165,""vy"":-0.04571428522467613,""wz"":-0.1119655892252922}","{""vx"":0.0057142856530845165,""vy"":-0.04571428522467613,""wz"":-0.1119655892252922}"
eipt_009,phase2,discovery,dwa,discovery_15,phase2:discovery_15,discovery__discovery_15__dwa__e0,e0,50,2.4999999999999907,0.12660726587360202,1,progress_stall,0,0,0,1,0,0,0.0,0.0,0.0,0.0,0.0,0.0,0.0,0.0,0.0,0.04025891447332046,1.987239127776531e-14,0.6046406581352425,0.48783018401955813,0.04025891447332046,0.21875,0.5,0,0,0,0,69,23,"{""vx"":0.13142848014831543,""vy"":-0.10743435472249985,""wz"":-0.19342102110385892}","{""vx"":0.13142848014831543,""vy"":-0.10743435472249985,""wz"":-0.19342102110385892}"
eipt_010,phase2,discovery,dwa,discovery_17,phase2:discovery_17,discovery__discovery_17__dwa__e0,e0,5,0.25000000000000006,0.0020481545903182105,1,command_collapse;progress_stall,0,0,1,1,0,0,0.0,0.0,0.0,0.0,0.0,0.0,0.0,0.0,0.0,0.017055841872569397,2.5121516772833817e-14,1.4753680961889206,0.2628967968777105,0.017055841872569397,0.09375,0.75,0,0,0,0,60,26,"{""vx"":0.0,""vy"":-0.09142858535051346,""wz"":0.023684201762080193}","{""vx"":0.0,""vy"":-0.09142858535051346,""wz"":0.023684201762080193}"
eipt_011,phase2,discovery,dwa,discovery_18,phase2:discovery_18,discovery__discovery_18__dwa__delay_200,delay_200,5,0.25000000000000006,3.218490741868453e-05,1,command_collapse;progress_stall,0,0,1,1,0,0,0.2,1.0,0.0,0.0,0.0,0.0,0.0,0.0,1.0,0.06224623961368671,0.048738526811057926,0.7200095416283943,0.058257546383674454,0.06224623961368671,0.18750000000000003,0.984375,0,0,0,0,66,38,"{""vx"":-0.017142856493592262,""vy"":-0.011428573168814182,""wz"":-0.023684214800596237}","{""vx"":-0.017142856493592262,""vy"":-0.011428573168814182,""wz"":-0.023684214800596237}"
eipt_012,phase2,discovery,dwa,discovery_20,phase2:discovery_20,discovery__discovery_20__dwa__delay_200,delay_200,5,0.25000000000000006,0.0,1,progress_stall,0,0,0,1,0,0,0.2,1.0,0.0,0.0,0.0,0.0,0.0,0.0,1.0,0.16087737665255933,0.1357819147179827,0.7004459848862479,0.20328331405777889,0.16087737665255933,0.09375000000000001,2.0,0,1,0,0,69,32,"{""vx"":0.011428573168814182,""vy"":-0.05714285746216774,""wz"":-0.09473684430122375}","{""vx"":0.011428573168814182,""vy"":-0.05714285746216774,""wz"":-0.09473684430122375}"
eipt_013,phase2,discovery,dwa,discovery_01,phase2:discovery_01,discovery__discovery_01__dwa__tau_y_150,tau_y_150,5,0.25000000000000006,0.0016694637840290853,0,,0,0,0,0,0,0,0.0,0.0,0.0,0.0,0.15,0.3,0.0,0.0,0.3,0.13167012530716843,0.06803244220508295,0.5404709733328811,0.31527204704038514,0.07297482698164424,0.09375,0.03125,0,0,0,0,62,28,"{""vx"":0.06857142597436905,""vy"":-0.09021445363759995,""wz"":-0.07894735783338547}","{""vx"":0.06857142597436905,""vy"":-0.09021445363759995,""wz"":-0.07894735783338547}"
eipt_014,phase2,discovery,dwa,discovery_01,phase2:discovery_01,discovery__discovery_01__dwa__tau_y_150,tau_y_150,45,2.249999999999996,0.15488766771975468,0,,0,0,0,0,0,0,0.0,0.0,0.0,0.0,0.15,0.3,0.0,0.0,0.3,0.12336654905587258,0.029156776568332012,0.4430229408888564,1.1561626111876875,0.1136256873797316,0.31953970967989065,2.0,0,1,0,0,66,28,"{""vx"":0.4374373257160187,""vy"":-0.21773117780685425,""wz"":0.05526319146156311}","{""vx"":0.4374373257160187,""vy"":-0.21773117780685425,""wz"":0.05526319146156311}"
eipt_015,phase2,discovery,dwa,discovery_06,phase2:discovery_06,discovery__discovery_06__dwa__tau_y_150,tau_y_150,5,0.25000000000000006,0.001396048442327873,0,,0,0,0,0,0,0,0.0,0.0,0.0,0.0,0.15,0.3,0.0,0.0,0.3,0.13167012530716843,0.06803244220508295,0.7439657596972553,0.31527204704038514,0.07297482698164424,0.09375,0.0625,0,0,0,0,62,31,"{""vx"":0.06857142597436905,""vy"":-0.09021445363759995,""wz"":-0.07894735783338547}","{""vx"":0.06857142597436905,""vy"":-0.09021445363759995,""wz"":-0.07894735783338547}"
eipt_016,phase2,discovery,dwa,discovery_06,phase2:discovery_06,discovery__discovery_06__dwa__tau_y_150,tau_y_150,45,2.249999999999996,0.11762052603823273,0,,0,0,0,0,0,0,0.0,0.0,0.0,0.0,0.15,0.3,0.0,0.0,0.3,0.053951647184362524,0.009718934716389245,0.4399859489468101,1.1317648802034896,0.07272166272366515,0.25,2.0,0,1,0,0,64,28,"{""vx"":0.39087462425231934,""vy"":-0.2485976219177246,""wz"":-0.11842104792594911}","{""vx"":0.39087462425231934,""vy"":-0.2485976219177246,""wz"":-0.11842104792594911}"
eipt_017,phase2,discovery,dwa,discovery_08,phase2:discovery_08,discovery__discovery_08__dwa__tau_y_150,tau_y_150,5,0.25000000000000006,0.0017565635374339698,0,,0,0,0,0,0,0,0.0,0.0,0.0,0.0,0.15,0.3,0.0,0.0,0.3,0.13167012530716843,0.06803244220508295,0.8078252619830499,0.31527204704038514,0.07297482698164424,0.09375,0.0625,0,0,0,0,62,31,"{""vx"":0.06857142597436905,""vy"":-0.09021445363759995,""wz"":-0.07894735783338547}","{""vx"":0.06857142597436905,""vy"":-0.09021445363759995,""wz"":-0.07894735783338547}"
eipt_018,phase2,discovery,dwa,discovery_08,phase2:discovery_08,discovery__discovery_08__dwa__tau_y_150,tau_y_150,45,2.249999999999996,0.1497492512061021,0,,0,0,0,0,0,0,0.0,0.0,0.0,0.0,0.15,0.3,0.0,0.0,0.3,0.04922750443989412,0.02915656544107501,0.5008064355024593,1.1831277663141277,0.014734876776214196,0.35752451281608266,2.0,0,1,0,0,69,28,"{""vx"":0.4433330297470093,""vy"":-0.1969430148601532,""wz"":0.26842102408409124}","{""vx"":0.4433330297470093,""vy"":-0.1969430148601532,""wz"":0.26842102408409124}"
eipt_019,phase2,discovery,dwa,discovery_12,phase2:discovery_12,discovery__discovery_12__dwa__tau_y_150,tau_y_150,5,0.25000000000000006,0.0016978718166415208,0,,0,0,0,0,0,0,0.0,0.0,0.0,0.0,0.15,0.3,0.0,0.0,0.3,0.13167012530716843,0.06803244220508295,0.7889451008213023,0.31527204704038514,0.07297482698164424,0.09375,0.0625,0,0,0,0,62,31,"{""vx"":0.06857142597436905,""vy"":-0.09021445363759995,""wz"":-0.07894735783338547}","{""vx"":0.06857142597436905,""vy"":-0.09021445363759995,""wz"":-0.07894735783338547}"
eipt_020,phase2,discovery,dwa,discovery_12,phase2:discovery_12,discovery__discovery_12__dwa__tau_y_150,tau_y_150,45,2.249999999999996,0.15695789004442165,0,,0,0,0,0,0,0,0.0,0.0,0.0,0.0,0.15,0.3,0.0,0.0,0.3,0.029639618868190862,0.009718924329159126,0.13081005201952686,1.139348743043633,0.031051946228011888,0.15625,2.0,0,1,0,0,65,28,"{""vx"":0.443469375371933,""vy"":-0.2000029981136322,""wz"":-0.0157894529402256}","{""vx"":0.443469375371933,""vy"":-0.2000029981136322,""wz"":-0.0157894529402256}"
eipt_021,phase2,discovery,dwa,discovery_16,phase2:discovery_16,discovery__discovery_16__dwa__e0,e0,5,0.25000000000000006,0.0044744934577293765,0,,0,0,0,0,0,0,0.0,0.0,0.0,0.0,0.0,0.0,0.0,0.0,0.0,0.1271550110078098,8.881784197001252e-15,0.48346359883851253,0.7019693036664939,0.1271550110078098,0.1875,0.15625,0,0,0,0,63,21,"{""vx"":-0.011428570374846458,""vy"":-0.24000000953674316,""wz"":0.1184210404753685}","{""vx"":-0.011428570374846458,""vy"":-0.24000000953674316,""wz"":0.1184210404753685}"
eipt_022,phase2,discovery,dwa,discovery_16,phase2:discovery_16,discovery__discovery_16__dwa__e0,e0,45,2.249999999999996,0.14466119945594422,0,,0,0,0,0,0,0,0.0,0.0,0.0,0.0,0.0,0.0,0.0,0.0,0.0,0.13304555819965533,8.989550626504554e-15,0.18543480758081707,1.3237929145198126,0.13304555819965533,0.20183361401160116,0.21875,0,0,0,0,64,22,"{""vx"":0.41142842173576355,""vy"":-0.27710044384002686,""wz"":-0.4305876195430755}","{""vx"":0.41142842173576355,""vy"":-0.27710044384002686,""wz"":-0.4305876195430755}"
eipt_023,phase2,discovery,dwa,discovery_19,phase2:discovery_19,discovery__discovery_19__dwa__delay_100,delay_100,5,0.25000000000000006,0.0011064117737674226,0,,0,0,0,0,0,0,0.1,0.5,0.0,0.0,0.0,0.0,0.0,0.0,0.5,0.1483628552309894,0.07468874746739279,0.4644940130426697,0.30529680090043576,0.08574319859231107,0.31250000000000006,0.265625,0,0,0,0,67,36,"{""vx"":-0.034285712987184525,""vy"":-0.07999999821186066,""wz"":-0.1500000059604645}","{""vx"":-0.034285712987184525,""vy"":-0.07999999821186066,""wz"":-0.1500000059604645}"
eipt_024,phase2,discovery,dwa,discovery_19,phase2:discovery_19,discovery__discovery_19__dwa__tau_y_150,tau_y_150,5,0.25000000000000006,0.0014426560912130738,0,,0,0,0,0,0,0,0.0,0.0,0.0,0.0,0.15,0.3,0.0,0.0,0.3,0.0960045045640943,0.009718851782930044,0.46319942720057905,0.3875266007065294,0.11510337056221319,0.15625,0.03125,0,0,0,0,64,28,"{""vx"":-0.034285709261894226,""vy"":-0.062408022582530975,""wz"":-0.26842105388641363}","{""vx"":-0.034285709261894226,""vy"":-0.062408022582530975,""wz"":-0.26842105388641363}"
eipt_025,rq1,discovery,teb,discovery_01,rq1:discovery_01,discovery__discovery_01__teb__tau_y_500,tau_y_500,149,7.449999999999886,0.39877435246301,1,progress_stall,0,0,0,1,0,0,0.0,0.0,0.0,0.0,0.5,1.0,0.0,0.0,1.0,0.20339945182649327,0.12296766141644315,0.190380628389303,0.45855780171064203,0.12243943550129992,0.0625,0.1875,0,0,0,0,65,33,"{""vx"":0.13426584647571593,""vy"":0.12166841286790112,""wz"":0.01617892558677178}","{""vx"":0.1470834541862709,""vy"":0.14899279605494586,""wz"":-0.027495952950376268}"
eipt_026,rq1,discovery,teb,discovery_02,rq1:discovery_02,discovery__discovery_02__teb__tau_y_500,tau_y_500,252,12.599999999999776,0.7650717592806793,1,progress_stall,0,0,0,1,0,0,0.0,0.0,0.0,0.0,0.5,1.0,0.0,0.0,1.0,0.2191695451237168,0.13586821906146854,0.2940149210278802,0.6116157258705894,0.10837305276238912,0.12500000000000003,0.03125,0,0,0,0,65,25,"{""vx"":0.22191950943586616,""vy"":0.1265898090526761,""wz"":-0.006003097972398825}","{""vx"":0.2230332024827928,""vy"":0.16152494446111382,""wz"":-0.04091142622633419}"
eipt_027,rq1,discovery,teb,discovery_04,rq1:discovery_04,discovery__discovery_04__teb__tau_w_300,tau_w_300,204,10.199999999999827,0.5564013831816723,1,progress_stall,0,0,0,1,0,0,0.0,0.0,0.0,0.0,0.0,0.0,0.3,1.0,1.0,0.3291246298560868,0.25960378926974154,0.21101678468544985,1.0238371571989715,0.2607419125075201,0.27540497000324476,0.24356964481437338,0,0,0,0,73,34,"{""vx"":0.32700446367848457,""vy"":0.11736532784897499,""wz"":-0.5108347896442623}","{""vx"":0.28127320860332605,""vy"":0.050699535924279976,""wz"":-0.4971952637870088}"
eipt_028,rq1,discovery,teb,discovery_07,rq1:discovery_07,discovery__discovery_07__teb__tau_w_300,tau_w_300,5,0.25000000000000006,0.0017026085761941555,1,progress_stall,0,0,0,1,0,0,0.0,0.0,0.0,0.0,0.0,0.0,0.3,1.0,1.0,0.07744131030789252,0.07127978927845348,0.5466828654845539,0.24762839356510835,0.012060768799796999,0.28125,0.828125,0,0,0,0,67,37,"{""vx"":0.022289472044233018,""vy"":0.02119959991998251,""wz"":0.18795340176853306}","{""vx"":0.022289472044233018,""vy"":0.02119959991998251,""wz"":0.18795340176853306}"
eipt_029,rq1,discovery,teb,discovery_08,rq1:discovery_08,discovery__discovery_08__teb__tau_y_150,tau_y_150,69,3.4499999999999704,0.2451979676835765,1,planner_failure,0,1,0,0,0,0,0.0,0.0,0.0,0.0,0.15,0.3,0.0,0.0,0.3,0.09604551313815272,0.025025940650752965,0.5189246775499443,1.0316484119254505,0.09823265806770508,0.37500000000000006,2.0,0,1,0,0,74,28,"{""vx"":0.45,""vy"":0.0667276893339903,""wz"":0.13374798286246317}","{""vx"":0.45,""vy"":0.019902917370959054,""wz"":0.12177486674317776}"
eipt_030,rq1,discovery,teb,discovery_09,rq1:discovery_09,discovery__discovery_09__teb__delay_200,delay_200,5,0.25000000000000006,0.0006992619188914533,1,progress_stall,0,0,0,1,0,0,0.2,1.0,0.0,0.0,0.0,0.0,0.0,0.0,1.0,0.12773023329824942,0.18478626894870664,0.437589661978754,0.266264960885424,0.10667849044708885,0.28125,0.765625,0,0,0,0,78,37,"{""vx"":0.031372476558280016,""vy"":-0.03176715441797901,""wz"":-0.1923307929128548}","{""vx"":0.031372476558280016,""vy"":-0.03176715441797901,""wz"":-0.1923307929128548}"
eipt_031,rq1,discovery,teb,discovery_10,rq1:discovery_10,discovery__discovery_10__teb__tau_w_100,tau_w_100,11,0.5500000000000003,0.006710741464297054,1,progress_stall,0,0,0,1,0,0,0.0,0.0,0.0,0.0,0.0,0.0,0.1,0.33333333333333337,0.33333333333333337,0.12125381316057826,0.07786893038016174,0.5042001470845983,0.5190036150515878,0.17439691132076268,0.34375000000000006,0.03125,0,0,0,0,72,29,"{""vx"":0.10749136412596459,""vy"":-0.06730208231825505,""wz"":-0.33497934105362254}","{""vx"":0.05731868240836017,""vy"":-0.046735472316000906,""wz"":-0.3114136522736266}"
eipt_032,rq1,discovery,teb,discovery_12,rq1:discovery_12,discovery__discovery_12__teb__delay_200,delay_200,101,5.049999999999937,0.288556200060923,1,progress_stall,0,0,0,1,0,0,0.2,1.0,0.0,0.0,0.0,0.0,0.0,0.0,1.0,0.12896583244499507,0.1534737440317268,0.3351097585035835,0.3384358657426852,0.14177298000848368,0.18750000000000003,0.015625,0,0,0,0,71,26,"{""vx"":0.14924892113870783,""vy"":-0.019174068093371213,""wz"":-0.03135821429487892}","{""vx"":0.1410146359191207,""vy"":-0.009288127679938302,""wz"":-0.04653667365735703}"
eipt_033,rq1,discovery,teb,discovery_13,rq1:discovery_13,discovery__discovery_13__teb__tau_w_300,tau_w_300,5,0.25000000000000006,0.0019864776680972337,1,progress_stall,0,0,0,1,0,0,0.0,0.0,0.0,0.0,0.0,0.0,0.3,1.0,1.0,0.09806409543956619,0.08417258805770388,0.8129981897602121,0.22738790019162305,0.03597353370105115,0.24999999999999997,0.796875,0,0,0,0,71,37,"{""vx"":0.01177564927305326,""vy"":-0.03291632777671581,""wz"":-0.16429381422131903}","{""vx"":0.01177564927305326,""vy"":-0.03291632777671581,""wz"":-0.16429381422131903}"
eipt_034,rq1,discovery,teb,discovery_15,rq1:discovery_15,discovery__discovery_15__teb__tau_w_300,tau_w_300,45,2.249999999999996,0.0903126991787263,1,progress_stall,0,0,0,1,0,0,0.0,0.0,0.0,0.0,0.0,0.0,0.3,1.0,1.0,0.32162027897456485,0.17677636522831305,0.24121479072718632,0.5808699869288299,0.2642347196071939,0.25,0.25,0,0,1,0,69,35,"{""vx"":0.21727888064331663,""vy"":0.019442240658739725,""wz"":0.2544803220510104}","{""vx"":0.18877766300251392,""vy"":0.02491792030924257,""wz"":0.5089521121663636}"
eipt_035,rq1,discovery,teb,discovery_17,rq1:discovery_17,discovery__discovery_17__teb__tau_w_300,tau_w_300,5,0.25000000000000006,0.002645478094630127,1,progress_stall,0,0,0,1,0,0,0.0,0.0,0.0,0.0,0.0,0.0,0.3,1.0,1.0,0.09950399798579768,0.08548393920774783,0.6720907863196994,0.2307663859295785,0.05955643969055179,0.1875,0.828125,0,0,0,0,66,37,"{""vx"":0.03586296451339024,""vy"":-0.035322272253477276,""wz"":-0.1532929273543079}","{""vx"":0.03586296451339024,""vy"":-0.035322272253477276,""wz"":-0.1532929273543079}"
eipt_036,rq1,discovery,teb,discovery_20,rq1:discovery_20,discovery__discovery_20__teb__tau_y_500,tau_y_500,73,3.649999999999966,0.21938373097784017,1,progress_stall,0,0,0,1,0,0,0.0,0.0,0.0,0.0,0.5,1.0,0.0,0.0,1.0,0.23635183559812725,0.1572873544417612,0.39651026734279515,0.4502815529161865,0.08213032444169456,0.28125000000000006,0.21650635094610965,0,0,0,0,76,28,"{""vx"":0.17955964281818157,""vy"":0.05261893499948174,""wz"":-0.11574680435503987}","{""vx"":0.14284740753942018,""vy"":0.10182142694083755,""wz"":-0.13592487898082836}"
eipt_037,rq1,discovery,teb,discovery_01,rq1:discovery_01,discovery__discovery_01__teb__tau_y_500,tau_y_500,5,0.25000000000000006,0.0007644498546651426,0,,0,0,0,0,0,0,0.0,0.0,0.0,0.0,0.5,1.0,0.0,0.0,1.0,0.16065721246116746,0.07085011740249753,0.5820978151020465,0.740919790541525,0.1205723130610019,0.3125,1.0,0,0,0,0,72,36,"{""vx"":0.06951564965225915,""vy"":-0.05932160829632206,""wz"":-0.5636290077246678}","{""vx"":0.06951564965225915,""vy"":-0.05932160829632206,""wz"":-0.5636290077246678}"
eipt_038,rq1,discovery,teb,discovery_06,rq1:discovery_06,discovery__discovery_06__teb__tau_x_300,tau_x_300,5,0.25000000000000006,0.0019737044674789806,0,,0,0,0,0,0,0,0.0,0.0,0.3,1.0,0.0,0.0,0.0,0.0,1.0,0.19304967436243783,0.1600260693678026,0.7657700266050644,0.3095420573718587,0.09674616042345802,0.1875,0.859375,0,0,0,0,74,37,"{""vx"":0.13911055795738417,""vy"":-0.005370880348586865,""wz"":0.0032614554517528694}","{""vx"":0.13911055795738417,""vy"":-0.005370880348586865,""wz"":0.0032614554517528694}"
eipt_039,rq1,discovery,teb,discovery_07,rq1:discovery_07,discovery__discovery_07__teb__tau_x_100,tau_x_100,5,0.25000000000000006,0.002631893664632081,0,,0,0,0,0,0,0,0.0,0.0,0.1,0.33333333333333337,0.0,0.0,0.0,0.0,0.33333333333333337,0.10260275607090609,0.026788668404639535,0.5389084032596942,0.9533157649524133,0.09599407177528771,0.34375,2.0,0,1,0,0,74,28,"{""vx"":0.09116308817835146,""vy"":0.0668010552222968,""wz"":0.7294240188445686}","{""vx"":0.09116308817835146,""vy"":0.0668010552222968,""wz"":0.7294240188445686}"
eipt_040,rq1,discovery,teb,discovery_09,rq1:discovery_09,discovery__discovery_09__teb__tau_y_300,tau_y_300,5,0.25000000000000006,0.0019869746028342134,0,,0,0,0,0,0,0,0.0,0.0,0.0,0.0,0.3,0.6,0.0,0.0,0.6,0.1699636764866233,0.07188248135112703,0.43602320237708597,0.5984867582947587,0.12961192455917359,0.40625,0.125,0,0,0,0,82,30,"{""vx"":0.08137536645454735,""vy"":-0.06970071115220064,""wz"":-0.4277021199448853}","{""vx"":0.08137536645454735,""vy"":-0.06970071115220064,""wz"":-0.4277021199448853}"
eipt_041,rq1,discovery,teb,discovery_10,rq1:discovery_10,discovery__discovery_10__teb__tau_y_300,tau_y_300,5,0.25000000000000006,0.002003274813181068,0,,0,0,0,0,0,0,0.0,0.0,0.0,0.0,0.3,0.6,0.0,0.0,0.6,0.14250332978422467,0.0652345695682685,0.5379960125115314,0.6241938668395267,0.10162710843667387,0.375,0.1875,0,0,0,0,71,30,"{""vx"":0.04745374360581449,""vy"":-0.0678437449755847,""wz"":-0.4671096042240612}","{""vx"":0.04745374360581449,""vy"":-0.0678437449755847,""wz"":-0.4671096042240612}"
eipt_042,rq1,discovery,teb,discovery_13,rq1:discovery_13,discovery__discovery_13__teb__delay_050,delay_050,5,0.25000000000000006,0.0019937769209554613,0,,0,0,0,0,0,0,0.05,0.25,0.0,0.0,0.0,0.0,0.0,0.0,0.25,0.10238892636026037,0.0779590087029566,0.8118681742323653,0.4264878067461138,0.08353416815366219,0.34375,0.015625,0,0,0,0,76,31,"{""vx"":0.021727708700586133,""vy"":-0.05507831805682981,""wz"":-0.31475325721480524}","{""vx"":0.021727708700586133,""vy"":-0.05507831805682981,""wz"":-0.31475325721480524}"
eipt_043,rq1,discovery,teb,discovery_14,rq1:discovery_14,discovery__discovery_14__teb__delay_200,delay_200,5,0.25000000000000006,0.002681967886689975,0,,0,0,0,0,0,0,0.2,1.0,0.0,0.0,0.0,0.0,0.0,0.0,1.0,0.08116496765375254,0.7048287953460757,0.5589066295861973,1.024408797939342,0.7942491307779237,0.3125,0.015625,0,0,0,0,73,25,"{""vx"":0.2812802732241697,""vy"":0.2768634626777893,""wz"":0.14524447957234263}","{""vx"":0.2812802732241697,""vy"":0.2768634626777893,""wz"":0.14524447957234263}"
eipt_044,rq1,discovery,teb,discovery_15,rq1:discovery_15,discovery__discovery_15__teb__delay_200,delay_200,5,0.25000000000000006,0.0016361276365193084,0,,0,0,0,0,0,0,0.2,1.0,0.0,0.0,0.0,0.0,0.0,0.0,1.0,0.2449840764154288,0.5564437292865482,0.46848453135369805,0.7874679422020266,0.6160215203406693,0.28125000000000006,0.015625,0,0,0,0,74,28,"{""vx"":0.1789003223514433,""vy"":0.18098617507997694,""wz"":0.35296131320736374}","{""vx"":0.1789003223514433,""vy"":0.18098617507997694,""wz"":0.35296131320736374}"
eipt_045,rq1,discovery,teb,discovery_16,rq1:discovery_16,discovery__discovery_16__teb__delay_050,delay_050,5,0.25000000000000006,0.001986729975684556,0,,0,0,0,0,0,0,0.05,0.25,0.0,0.0,0.0,0.0,0.0,0.0,0.25,0.1808016834017672,0.07008386947180816,1.1814581372897295,0.46309261329463597,0.09027053619694302,0.18750000000000003,0.015625,0,0,0,0,69,34,"{""vx"":0.08356883829518737,""vy"":-0.08277895366528652,""wz"":-0.281742597212144}","{""vx"":0.08356883829518737,""vy"":-0.08277895366528652,""wz"":-0.281742597212144}"
eipt_046,rq1,discovery,teb,discovery_16,rq1:discovery_16,discovery__discovery_16__teb__tau_y_500,tau_y_500,5,0.25000000000000006,0.0019707752568668578,0,,0,0,0,0,0,0,0.0,0.0,0.0,0.0,0.5,1.0,0.0,0.0,1.0,0.11703055043339652,0.07024377727175345,1.1701966351503834,0.6092275784387854,0.07926634283759873,0.40624999999999994,0.649519052838329,0,0,0,0,73,41,"{""vx"":0.06074232970784603,""vy"":-0.055860198922138324,""wz"":-0.45779681277900075}","{""vx"":0.06074232970784603,""vy"":-0.055860198922138324,""wz"":-0.45779681277900075}"
eipt_047,rq1,discovery,teb,discovery_18,rq1:discovery_18,discovery__discovery_18__teb__delay_100,delay_100,5,0.25000000000000006,0.0016785697159871257,0,,0,0,0,0,0,0,0.1,0.5,0.0,0.0,0.0,0.0,0.0,0.0,0.5,0.08730930651719462,0.25349234631695244,0.7853745355899421,0.17391773580489092,0.13285271084732989,0.375,0.125,0,0,0,0,76,31,"{""vx"":0.05233642413902453,""vy"":-0.04507615004422019,""wz"":-0.009272622664265096}","{""vx"":0.05233642413902453,""vy"":-0.04507615004422019,""wz"":-0.009272622664265096}"
eipt_048,rq1,discovery,teb,discovery_18,rq1:discovery_18,discovery__discovery_18__teb__tau_y_300,tau_y_300,5,0.25000000000000006,0.002693805227695626,0,,0,0,0,0,0,0,0.0,0.0,0.0,0.0,0.3,0.6,0.0,0.0,0.6,0.14609665513121284,0.037323916429865434,0.7756137691961327,0.3361208290647022,0.13426719015435934,0.18750000000000003,0.125,0,0,0,0,70,30,"{""vx"":0.11153187967580659,""vy"":-0.05011844337939501,""wz"":0.14095288583960805}","{""vx"":0.11153187967580659,""vy"":-0.05011844337939501,""wz"":0.14095288583960805}"
eipt_049,rq1,discovery,tr,discovery_01,rq1:discovery_01,discovery__discovery_01__tr__e0,e0,34,1.7000000000000013,0.07159269026191901,1,progress_stall,0,0,0,1,0,0,0.0,0.0,0.0,0.0,0.0,0.0,0.0,0.0,0.0,0.09868420660495769,6.938893903907228e-16,0.2919343353912965,0.6290929419482721,0.09868420660495769,0.34375,0.25,0,0,0,0,72,24,"{""vx"":0.0,""vy"":-0.14999999105930328,""wz"":0.3684210479259491}","{""vx"":0.0,""vy"":-0.14999999105930328,""wz"":0.3684210479259491}"
eipt_050,rq1,discovery,tr,discovery_02,rq1:discovery_02,discovery__discovery_02__tr__tau_x_100,tau_x_100,41,2.0500000000000003,0.07891367265921213,1,progress_stall,0,0,0,1,0,0,0.0,0.0,0.1,0.33333333333333337,0.0,0.0,0.0,0.0,0.33333333333333337,0.11395885013396069,0.030922713328949542,0.8762455989288819,0.24384302119513393,0.10526315309107298,0.49999999999999994,0.34375,0,0,0,0,90,26,"{""vx"":0.1071428507566452,""vy"":0.0,""wz"":-0.04210526496171952}","{""vx"":0.1071428507566452,""vy"":0.0,""wz"":-0.04210526496171952}"
eipt_051,rq1,discovery,tr,discovery_03,rq1:discovery_03,discovery__discovery_03__tr__e0,e0,156,7.799999999999878,0.6268913109448554,1,oscillatory_reversal_vy,0,0,0,0,1,0,0.0,0.0,0.0,0.0,0.0,0.0,0.0,0.0,0.0,0.1642426926833563,3.9817402353990554e-14,0.7741720325425054,1.0257926963836401,0.1642426926833563,0.35721725415588107,0.75,0,0,0,0,73,26,"{""vx"":0.44999998807907104,""vy"":-0.0055555556900799274,""wz"":-0.18242588639259336}","{""vx"":0.44999998807907104,""vy"":-0.0055555556900799274,""wz"":-0.18242588639259336}"
eipt_052,rq1,discovery,tr,discovery_04,rq1:discovery_04,discovery__discovery_04__tr__tau_y_300,tau_y_300,61,3.049999999999979,0.17914693598552414,1,progress_stall,0,0,0,1,0,0,0.0,0.0,0.0,0.0,0.3,0.6,0.0,0.0,0.6,0.006482411152312292,0.004179707259560021,0.3516856800099414,0.24384302119513393,0.0,0.625,1.0,0,0,0,0,94,33,"{""vx"":0.1071428507566452,""vy"":0.0,""wz"":-0.04210526496171952}","{""vx"":0.1071428507566452,""vy"":0.0,""wz"":-0.04210526496171952}"
eipt_053,rq1,discovery,tr,discovery_05,rq1:discovery_05,discovery__discovery_05__tr__delay_100,delay_100,79,3.9499999999999598,0.24583833758209192,1,oscillatory_reversal_vy,0,0,0,0,1,0,0.1,0.5,0.0,0.0,0.0,0.0,0.0,0.0,0.5,0.14880320881502546,0.22199101594082943,0.0911636574827991,1.0212114673445958,0.30557739169653186,0.1875,0.09375,0,0,0,0,69,31,"{""vx"":0.44999998807907104,""vy"":-0.05000000074505806,""wz"":-0.11990596354007722}","{""vx"":0.44999998807907104,""vy"":-0.05000000074505806,""wz"":-0.11990596354007722}"
eipt_054,rq1,discovery,tr,discovery_08,rq1:discovery_08,discovery__discovery_08__tr__tau_w_100,tau_w_100,67,3.3499999999999726,0.2325126434461304,1,oscillatory_reversal_wz,0,0,0,0,0,1,0.0,0.0,0.0,0.0,0.0,0.0,0.1,0.33333333333333337,0.33333333333333337,0.12785241943714534,0.034072582143468276,0.6084991494085581,1.0106004781949465,0.16064886232384148,0.375,0.25,0,0,0,0,74,29,"{""vx"":0.44999998807907104,""vy"":-0.04766082018613815,""wz"":0.04210526496171952}","{""vx"":0.44999998807907104,""vy"":-0.04766082018613815,""wz"":0.04210526496171952}"
eipt_055,rq1,discovery,tr,discovery_11,rq1:discovery_11,discovery__discovery_11__tr__tau_x_300,tau_x_300,92,4.599999999999946,0.23776811396360112,1,oscillatory_reversal_vy,0,0,0,0,1,0,0.0,0.0,0.3,1.0,0.0,0.0,0.0,0.0,1.0,0.03080401480058221,0.0010720015348898453,0.21115707228809288,1.2820596230520462,0.03077685832977295,0.40625,2.0,0,1,0,0,68,32,"{""vx"":0.44999998807907104,""vy"":-0.05000000074505806,""wz"":0.6315789818763733}","{""vx"":0.44999998807907104,""vy"":-0.05000000074505806,""wz"":0.6315789818763733}"
eipt_056,rq1,discovery,tr,discovery_12,rq1:discovery_12,discovery__discovery_12__tr__tau_w_100,tau_w_100,29,1.450000000000001,0.0930124571485824,1,progress_stall,0,0,0,1,0,0,0.0,0.0,0.0,0.0,0.0,0.0,0.1,0.33333333333333337,0.33333333333333337,0.14329331962116032,0.07767471481703217,0.7258630777927554,1.2052824269414615,0.18277770784027436,0.375,0.125,0,0,0,0,72,24,"{""vx"":0.44999998807907104,""vy"":0.14999999105930328,""wz"":0.4149466156959534}","{""vx"":0.44999998807907104,""vy"":0.14999999105930328,""wz"":0.4149466156959534}"
eipt_057,rq1,discovery,tr,discovery_14,rq1:discovery_14,discovery__discovery_14__tr__tau_y_500,tau_y_500,127,6.349999999999909,0.3598498816641625,1,progress_stall,0,0,0,1,0,0,0.0,0.0,0.0,0.0,0.5,1.0,0.0,0.0,1.0,0.21139860868448257,0.13638644450472046,0.7622232064179292,0.45175392789182117,0.0526315812021494,0.43749999999999994,0.21875,0,0,0,0,87,30,"{""vx"":0.19285713136196136,""vy"":-0.05000000074505806,""wz"":0.0}","{""vx"":0.19285713136196136,""vy"":-0.05000000074505806,""wz"":0.0}"
eipt_058,rq1,discovery,tr,discovery_16,rq1:discovery_16,discovery__discovery_16__tr__tau_w_100,tau_w_100,155,7.749999999999879,0.5757202839696091,1,oscillatory_reversal_vy;oscillatory_reversal_wz,0,0,0,0,1,1,0.0,0.0,0.0,0.0,0.0,0.0,0.1,0.33333333333333337,0.33333333333333337,0.15559834849040544,0.07767321612142093,0.45311920559127244,1.0116788028438997,0.15327769930936416,0.3125,2.0,0,1,0,0,67,28,"{""vx"":0.44999998807907104,""vy"":0.04210526496171951,""wz"":-0.07598644495010377}","{""vx"":0.44999998807907104,""vy"":0.04210526496171951,""wz"":-0.07598644495010377}"
eipt_059,rq1,discovery,tr,discovery_17,rq1:discovery_17,discovery__discovery_17__tr__delay_100,delay_100,55,2.7499999999999853,0.12008962248669006,1,progress_stall,0,0,0,1,0,0,0.1,0.5,0.0,0.0,0.0,0.0,0.0,0.0,0.5,0.27922175857483245,0.1052641197872707,0.6582045028042981,0.24384302119513393,0.10526315309107298,0.40625,0.25,0,0,0,0,87,29,"{""vx"":0.1071428507566452,""vy"":0.0,""wz"":-0.04210526496171952}","{""vx"":0.1071428507566452,""vy"":0.0,""wz"":-0.04210526496171952}"
eipt_060,rq1,discovery,tr,discovery_20,rq1:discovery_20,discovery__discovery_20__tr__tau_x_300,tau_x_300,55,2.7499999999999853,0.06356642917747396,1,progress_stall,0,0,0,1,0,0,0.0,0.0,0.3,1.0,0.0,0.0,0.0,0.0,1.0,0.11534684300345371,0.09562222252795556,0.5347773712370424,0.4567320818704323,0.36615625437763,0.375,0.71875,0,0,0,0,84,36,"{""vx"":0.19285713136196136,""vy"":0.0,""wz"":0.12631578743457791}","{""vx"":0.19285713136196136,""vy"":0.0,""wz"":0.12631578743457791}"
eipt_061,rq1,discovery,tr,discovery_03,rq1:discovery_03,discovery__discovery_03__tr__delay_100,delay_100,155,7.749999999999879,0.5807410576664445,0,,0,0,0,0,0,0,0.1,0.5,0.0,0.0,0.0,0.0,0.0,0.0,0.5,0.05727327514164988,0.09999953947495217,0.69001189882137,1.043867898484226,0.23621606530976,0.40625,0.015625,0,0,0,0,73,30,"{""vx"":0.44999998807907104,""vy"":-0.05000000074505806,""wz"":-0.21052631735801697}","{""vx"":0.44999998807907104,""vy"":-0.05000000074505806,""wz"":-0.21052631735801697}"
eipt_062,rq1,discovery,tr,discovery_05,rq1:discovery_05,discovery__discovery_05__tr__tau_y_300,tau_y_300,155,7.749999999999879,0.6272652062629526,0,,0,0,0,0,0,0,0.0,0.0,0.0,0.0,0.3,0.6,0.0,0.0,0.6,0.11970818958503786,0.05419985639099817,0.14768258598262268,1.1574701953965374,0.08697412061368841,0.3317017360018898,1.0,0,0,0,0,69,33,"{""vx"":0.44999998807907104,""vy"":-0.05000000074505806,""wz"":0.45207372307777405}","{""vx"":0.44999998807907104,""vy"":-0.05000000074505806,""wz"":0.45207372307777405}"
eipt_063,rq1,discovery,tr,discovery_06,rq1:discovery_06,discovery__discovery_06__tr__delay_100,delay_100,155,7.749999999999879,0.5745977957261864,0,,0,0,0,0,0,0,0.1,0.5,0.0,0.0,0.0,0.0,0.0,0.0,0.5,0.11370647733379698,0.11890910784276594,0.18464774914313994,1.0444624988669593,0.07667502357391086,0.3317017360018898,0.265625,0,0,0,0,71,33,"{""vx"":0.44999998807907104,""vy"":-0.10551466047763824,""wz"":-0.003349236911162734}","{""vx"":0.44999998807907104,""vy"":-0.10551466047763824,""wz"":-0.003349236911162734}"
eipt_064,rq1,discovery,tr,discovery_07,rq1:discovery_07,discovery__discovery_07__tr__delay_100,delay_100,55,2.7499999999999853,0.12492249010740562,0,,0,0,0,0,0,0,0.1,0.5,0.0,0.0,0.0,0.0,0.0,0.0,0.5,0.11370648637838891,0.17843709858737028,0.13113659163762084,1.1865646514316226,0.1771796808507208,0.34375,0.265625,0,0,0,0,67,33,"{""vx"":0.44999998807907104,""vy"":0.13297465443611145,""wz"":0.41072872281074524}","{""vx"":0.44999998807907104,""vy"":0.13297465443611145,""wz"":0.41072872281074524}"
eipt_065,rq1,discovery,tr,discovery_07,rq1:discovery_07,discovery__discovery_07__tr__tau_y_500,tau_y_500,55,2.7499999999999853,0.12181734162245834,0,,0,0,0,0,0,0,0.0,0.0,0.0,0.0,0.5,1.0,0.0,0.0,1.0,0.155598345097708,0.0801367370284301,0.06592339560038019,1.0371364670234937,0.11427844928420725,0.3061862178478985,0.25,0,0,0,0,68,30,"{""vx"":0.44999998807907104,""vy"":0.07278274744749069,""wz"":-0.14401912689208984}","{""vx"":0.44999998807907104,""vy"":0.07278274744749069,""wz"":-0.14401912689208984}"
eipt_066,rq1,discovery,tr,discovery_10,rq1:discovery_10,discovery__discovery_10__tr__delay_100,delay_100,155,7.749999999999879,0.5792843715401557,0,,0,0,0,0,0,0,0.1,0.5,0.0,0.0,0.0,0.0,0.0,0.0,0.5,0.1273245280816989,0.21183484920540893,0.16561077657841672,1.0278582719758107,0.14507144889926327,0.3125,0.265625,0,0,0,0,69,33,"{""vx"":0.44999998807907104,""vy"":-0.06217987462878227,""wz"":-0.12631578743457791}","{""vx"":0.44999998807907104,""vy"":-0.06217987462878227,""wz"":-0.12631578743457791}"
eipt_067,rq1,discovery,tr,discovery_10,rq1:discovery_10,discovery__discovery_10__tr__tau_y_150,tau_y_150,155,7.749999999999879,0.627794087119626,0,,0,0,0,0,0,0,0.0,0.0,0.0,0.0,0.15,0.3,0.0,0.0,0.3,0.1555983388660696,0.07161219226049997,0.15530933090073862,1.1383191767681955,0.20816992325616637,0.125,0.5,0,0,0,0,71,29,"{""vx"":0.44999998807907104,""vy"":-0.10836353152990341,""wz"":-0.3576923310756684}","{""vx"":0.44999998807907104,""vy"":-0.10836353152990341,""wz"":-0.3576923310756684}"
eipt_068,rq1,discovery,tr,discovery_13,rq1:discovery_13,discovery__discovery_13__tr__delay_050,delay_050,35,1.7500000000000013,0.07245867915996375,0,,0,0,0,0,0,0,0.05,0.25,0.0,0.0,0.0,0.0,0.0,0.0,0.25,0.11370648637838889,0.24103247117129414,0.49040161914864444,1.1691448432638605,0.2789704099257323,0.34375,0.015625,0,0,0,0,67,31,"{""vx"":0.44999998807907104,""vy"":-0.08286712318658829,""wz"":-0.4460262954235077}","{""vx"":0.44999998807907104,""vy"":-0.08286712318658829,""wz"":-0.4460262954235077}"
eipt_069,rq1,discovery,tr,discovery_15,rq1:discovery_15,discovery__discovery_15__tr__delay_200,delay_200,55,2.7499999999999853,0.1184574744722622,0,,0,0,0,0,0,0,0.2,1.0,0.0,0.0,0.0,0.0,0.0,0.0,1.0,0.16020453330474377,0.1919628437013501,0.2612867149878715,1.0321032329882225,0.23684669907718728,0.3125,0.984375,0,0,0,0,69,38,"{""vx"":0.44999998807907104,""vy"":0.03947369009256363,""wz"":-0.18333333730697632}","{""vx"":0.44999998807907104,""vy"":0.03947369009256363,""wz"":-0.18333333730697632}"
eipt_070,rq1,discovery,tr,discovery_16,rq1:discovery_16,discovery__discovery_16__tr__e0,e0,155,7.749999999999879,0.5709032418744164,0,,0,0,0,0,0,0,0.0,0.0,0.0,0.0,0.0,0.0,0.0,0.0,0.0,0.12048051551361078,6.040266291023252e-14,0.4275368765337431,1.0013840573715624,0.12048051551361078,0.375,2.0,0,1,0,0,73,24,"{""vx"":0.44999998807907104,""vy"":0.0,""wz"":0.04210526496171952}","{""vx"":0.44999998807907104,""vy"":0.0,""wz"":0.04210526496171952}"
eipt_071,rq1,discovery,tr,discovery_18,rq1:discovery_18,discovery__discovery_18__tr__delay_200,delay_200,55,2.7499999999999853,0.12100721218616804,0,,0,0,0,0,0,0,0.2,1.0,0.0,0.0,0.0,0.0,0.0,0.0,1.0,0.11895608094500194,0.15801145993004198,0.34581788755119147,0.9816834172354182,0.11565989577066263,0.34375,0.515625,0,0,0,0,68,34,"{""vx"":0.43696606159210205,""vy"":-0.0033437819220125675,""wz"":0.11510202288627623}","{""vx"":0.43696606159210205,""vy"":-0.0033437819220125675,""wz"":0.11510202288627623}"
eipt_072,rq1,discovery,tr,discovery_19,rq1:discovery_19,discovery__discovery_19__tr__tau_y_300,tau_y_300,155,7.749999999999879,0.6255449235824067,0,,0,0,0,0,0,0,0.0,0.0,0.0,0.0,0.3,0.6,0.0,0.0,0.6,0.15559834146977689,0.07756559600408663,0.06940750550935025,1.1388460940837584,0.11229296089551397,0.20412414523193323,0.25,0,0,0,0,68,30,"{""vx"":0.44999998807907104,""vy"":-0.002055612625554204,""wz"":-0.43593466281890864}","{""vx"":0.44999998807907104,""vy"":-0.002055612625554204,""wz"":-0.43593466281890864}"
eipt_073,phase2,holdout,dwa,holdout_01,phase2:holdout_01,holdout__holdout_01__dwa__delay_100,delay_100,5,0.25000000000000006,0.0,1,progress_stall,0,0,0,1,0,0,0.1,0.5,0.0,0.0,0.0,0.0,0.0,0.0,0.5,0.16087737665255933,1.831047262860179e-14,0.6008125138613094,0.20328331405777889,0.0,0.0625,0.59375,0,0,0,0,63,30,"{""vx"":0.011428573168814182,""vy"":-0.05714285746216774,""wz"":-0.09473684430122375}","{""vx"":0.011428573168814182,""vy"":-0.05714285746216774,""wz"":-0.09473684430122375}"
eipt_074,phase2,holdout,dwa,holdout_02,phase2:holdout_02,holdout__holdout_02__dwa__tau_y_300,tau_y_300,5,0.25000000000000006,0.0005271904893612302,1,progress_stall,0,0,0,1,0,0,0.0,0.0,0.0,0.0,0.3,0.6,0.0,0.0,0.6,0.12326611008756645,0.07368853539986898,1.4051116500286722,0.29092583004946304,0.049407854659543365,0.15625,0.5,0,0,0,0,64,31,"{""vx"":0.011428574100136757,""vy"":-0.06719466298818588,""wz"":-0.17368420958518982}","{""vx"":0.011428574100136757,""vy"":-0.06719466298818588,""wz"":-0.17368420958518982}"
eipt_075,phase2,holdout,dwa,holdout_03,phase2:holdout_03,holdout__holdout_03__dwa__delay_100,delay_100,5,0.25000000000000006,0.0,1,command_collapse;progress_stall,0,0,1,1,0,0,0.1,0.5,0.0,0.0,0.0,0.0,0.0,0.0,0.5,0.16087737665255933,1.831047262860179e-14,0.44816067815178373,0.20328331405777889,0.0,0.0625,2.0,0,1,0,0,61,28,"{""vx"":0.011428573168814182,""vy"":-0.05714285746216774,""wz"":-0.09473684430122375}","{""vx"":0.011428573168814182,""vy"":-0.05714285746216774,""wz"":-0.09473684430122375}"
eipt_076,phase2,holdout,dwa,holdout_04,phase2:holdout_04,holdout__holdout_04__dwa__e0,e0,5,0.25000000000000006,0.0015338029511721728,1,progress_stall,0,0,0,1,0,0,0.0,0.0,0.0,0.0,0.0,0.0,0.0,0.0,0.0,0.03219419374281255,1.25619374978378e-14,0.5728431372770968,0.19903856002209255,0.03219419374281255,0.125,2.0,0,1,0,0,64,24,"{""vx"":0.011428574100136757,""vy"":-0.04571428522467613,""wz"":-0.11842105537652968}","{""vx"":0.011428574100136757,""vy"":-0.04571428522467613,""wz"":-0.11842105537652968}"
eipt_077,phase2,holdout,dwa,holdout_06,phase2:holdout_06,holdout__holdout_06__dwa__tau_x_300,tau_x_300,5,0.25000000000000006,0.001352535326444407,1,progress_stall,0,0,0,1,0,0,0.0,0.0,0.3,1.0,0.0,0.0,0.0,0.0,1.0,0.03219419441667081,0.010526953383256408,0.7543034043625402,0.19795431019958942,0.029648216582559707,0.09375,2.0,0,1,0,0,64,32,"{""vx"":0.006591533776372671,""vy"":-0.04571428522467613,""wz"":-0.11842105537652968}","{""vx"":0.006591533776372671,""vy"":-0.04571428522467613,""wz"":-0.11842105537652968}"
eipt_078,phase2,holdout,dwa,holdout_07,phase2:holdout_07,holdout__holdout_07__dwa__tau_y_150,tau_y_150,5,0.25000000000000006,0.0007621271392702849,1,progress_stall,0,0,0,1,0,0,0.0,0.0,0.0,0.0,0.15,0.3,0.0,0.0,0.3,0.05083893226974833,0.029156767748929342,0.4260069181657665,0.20516589579280994,0.01661591092538034,0.125,2.0,0,1,0,0,63,28,"{""vx"":0.011428574100136757,""vy"":-0.0641176700592041,""wz"":-0.07105263322591782}","{""vx"":0.011428574100136757,""vy"":-0.0641176700592041,""wz"":-0.07105263322591782}"
eipt_079,phase2,holdout,dwa,holdout_08,phase2:holdout_08,holdout__holdout_08__dwa__e0,e0,5,0.25000000000000006,0.0021762821185341958,1,command_collapse;progress_stall,0,0,1,1,0,0,0.0,0.0,0.0,0.0,0.0,0.0,0.0,0.0,0.0,0.017055841872569397,2.5121516772833817e-14,0.590100013831458,0.2628967968777105,0.017055841872569397,0.09375,0.75,0,0,0,0,60,26,"{""vx"":0.0,""vy"":-0.09142858535051346,""wz"":0.023684201762080193}","{""vx"":0.0,""vy"":-0.09142858535051346,""wz"":0.023684201762080193}"
eipt_080,phase2,holdout,dwa,holdout_10,phase2:holdout_10,holdout__holdout_10__dwa__tau_y_500,tau_y_500,5,0.25000000000000006,0.0004149626881299267,1,progress_stall,0,0,0,1,0,0,0.0,0.0,0.0,0.0,0.5,1.0,0.0,0.0,1.0,0.12326612266279369,0.07612970886707081,0.8668735343269813,0.31309596394921296,0.04745095174703496,0.125,0.5,0,0,0,0,64,34,"{""vx"":0.011428574100136757,""vy"":-0.05685737356543541,""wz"":-0.21315789222717285}","{""vx"":0.011428574100136757,""vy"":-0.05685737356543541,""wz"":-0.21315789222717285}"
eipt_081,phase2,holdout,dwa,holdout_17,phase2:holdout_17,holdout__holdout_17__dwa__e0,e0,5,0.25000000000000006,0.00212889870194151,1,command_collapse;progress_stall,0,0,1,1,0,0,0.0,0.0,0.0,0.0,0.0,0.0,0.0,0.0,0.0,0.017055841872569397,2.5121516772833817e-14,0.4314741504538389,0.2628967968777105,0.017055841872569397,0.09375,0.75,0,0,0,0,60,26,"{""vx"":0.0,""vy"":-0.09142858535051346,""wz"":0.023684201762080193}","{""vx"":0.0,""vy"":-0.09142858535051346,""wz"":0.023684201762080193}"
eipt_082,phase2,holdout,dwa,holdout_18,phase2:holdout_18,holdout__holdout_18__dwa__e0,e0,5,0.25000000000000006,0.0017598762580018832,1,progress_stall,0,0,0,1,0,0,0.0,0.0,0.0,0.0,0.0,0.0,0.0,0.0,0.0,0.03219419374281255,1.25619374978378e-14,0.4993066276851039,0.19903856002209255,0.03219419374281255,0.125,2.0,0,1,0,0,65,24,"{""vx"":0.011428574100136757,""vy"":-0.04571428522467613,""wz"":-0.11842105537652968}","{""vx"":0.011428574100136757,""vy"":-0.04571428522467613,""wz"":-0.11842105537652968}"
eipt_083,phase2,holdout,dwa,holdout_19,phase2:holdout_19,holdout__holdout_19__dwa__delay_200,delay_200,5,0.25000000000000006,3.2148535209471344e-05,1,command_collapse;progress_stall,0,0,1,1,0,0,0.2,1.0,0.0,0.0,0.0,0.0,0.0,0.0,1.0,0.06224623961368671,0.048738526811057926,0.5280095416283941,0.058257546383674454,0.06224623961368671,0.18750000000000003,0.984375,0,0,0,0,66,38,"{""vx"":-0.017142856493592262,""vy"":-0.011428573168814182,""wz"":-0.023684214800596237}","{""vx"":-0.017142856493592262,""vy"":-0.011428573168814182,""wz"":-0.023684214800596237}"
eipt_084,phase2,holdout,dwa,holdout_20,phase2:holdout_20,holdout__holdout_20__dwa__tau_x_300,tau_x_300,5,0.25000000000000006,0.0014703500549646989,1,progress_stall,0,0,0,1,0,0,0.0,0.0,0.3,1.0,0.0,0.0,0.0,0.0,1.0,0.03219419441667081,0.010526953383256408,0.6706785233736023,0.19795431019958942,0.029648216582559707,0.09375,2.0,0,1,0,0,64,32,"{""vx"":0.006591533776372671,""vy"":-0.04571428522467613,""wz"":-0.11842105537652968}","{""vx"":0.006591533776372671,""vy"":-0.04571428522467613,""wz"":-0.11842105537652968}"
eipt_085,phase2,holdout,dwa,holdout_05,phase2:holdout_05,holdout__holdout_05__dwa__tau_w_300,tau_w_300,25,1.2500000000000009,0.010782467556793327,0,,0,0,0,0,0,0,0.0,0.0,0.0,0.0,0.0,0.0,0.3,1.0,1.0,0.02958405732178823,0.022724766637615954,0.9961882615130487,0.10609498951093528,0.0167600854152594,0.25000000000000006,2.0,0,1,0,0,66,32,"{""vx"":0.0,""vy"":-0.034285735338926315,""wz"":-0.03259578719735145}","{""vx"":0.0,""vy"":-0.034285735338926315,""wz"":-0.03259578719735145}"
eipt_086,phase2,holdout,dwa,holdout_05,phase2:holdout_05,holdout__holdout_05__dwa__tau_y_150,tau_y_150,5,0.25000000000000006,0.0017838219616760635,0,,0,0,0,0,0,0,0.0,0.0,0.0,0.0,0.15,0.3,0.0,0.0,0.3,0.13167012530716843,0.06803244220508295,0.92808326493088,0.31527204704038514,0.07297482698164424,0.09375,0.0625,0,0,0,0,62,29,"{""vx"":0.06857142597436905,""vy"":-0.09021445363759995,""wz"":-0.07894735783338547}","{""vx"":0.06857142597436905,""vy"":-0.09021445363759995,""wz"":-0.07894735783338547}"
eipt_087,phase2,holdout,dwa,holdout_09,phase2:holdout_09,holdout__holdout_09__dwa__tau_y_150,tau_y_150,5,0.25000000000000006,0.0018119397156992278,0,,0,0,0,0,0,0,0.0,0.0,0.0,0.0,0.15,0.3,0.0,0.0,0.3,0.13167012530716843,0.06803244220508295,0.8082829489377903,0.31527204704038514,0.07297482698164424,0.09375,0.0625,0,0,0,0,62,31,"{""vx"":0.06857142597436905,""vy"":-0.09021445363759995,""wz"":-0.07894735783338547}","{""vx"":0.06857142597436905,""vy"":-0.09021445363759995,""wz"":-0.07894735783338547}"
eipt_088,phase2,holdout,dwa,holdout_09,phase2:holdout_09,holdout__holdout_09__dwa__tau_y_150,tau_y_150,25,1.2500000000000009,0.06727230596465966,0,,0,0,0,0,0,0,0.0,0.0,0.0,0.0,0.15,0.3,0.0,0.0,0.3,0.13958579147747316,0.04859459305724225,0.7732737210830063,1.1052463444639125,0.11322707008096924,0.15309310892395098,2.0,0,1,0,0,69,28,"{""vx"":0.4214285612106323,""vy"":-0.20189228653907776,""wz"":0.0868420973420143}","{""vx"":0.4214285612106323,""vy"":-0.20189228653907776,""wz"":0.0868420973420143}"
eipt_089,phase2,holdout,dwa,holdout_11,phase2:holdout_11,holdout__holdout_11__dwa__tau_y_150,tau_y_150,25,1.2500000000000009,0.005717385217619333,0,,0,0,0,0,0,0,0.0,0.0,0.0,0.0,0.15,0.3,0.0,0.0,0.3,0.016326527212326795,0.009718924470697245,0.5642547798399025,0.06723518350294659,0.028024997029985704,0.09375,0.0625,0,0,0,0,62,30,"{""vx"":0.0,""vy"":-0.023532314226031303,""wz"":0.0}","{""vx"":-0.017142856493592262,""vy"":-0.01210374291986227,""wz"":0.0}"
eipt_090,phase2,holdout,dwa,holdout_12,phase2:holdout_12,holdout__holdout_12__dwa__tau_y_150,tau_y_150,5,0.25000000000000006,0.0017838219616760633,0,,0,0,0,0,0,0,0.0,0.0,0.0,0.0,0.15,0.3,0.0,0.0,0.3,0.13167012530716843,0.06803244220508295,0.5583252731199216,0.31527204704038514,0.07297482698164424,0.09375,0.0625,0,0,0,0,62,31,"{""vx"":0.06857142597436905,""vy"":-0.09021445363759995,""wz"":-0.07894735783338547}","{""vx"":0.06857142597436905,""vy"":-0.09021445363759995,""wz"":-0.07894735783338547}"
eipt_091,phase2,holdout,dwa,holdout_12,phase2:holdout_12,holdout__holdout_12__dwa__tau_y_150,tau_y_150,25,1.2500000000000009,0.06665669688502739,0,,0,0,0,0,0,0,0.0,0.0,0.0,0.0,0.15,0.3,0.0,0.0,0.3,0.09220554803624112,0.04859454051286777,0.4729631862840655,1.0193060677226975,0.16904850565190213,0.20412414523193328,0.09375,0,0,0,0,69,26,"{""vx"":0.43857142329216003,""vy"":-0.08643586933612823,""wz"":0.13421052694320676}","{""vx"":0.43857142329216003,""vy"":-0.08643586933612823,""wz"":0.13421052694320676}"
eipt_092,phase2,holdout,dwa,holdout_13,phase2:holdout_13,holdout__holdout_13__dwa__delay_100,delay_100,45,2.249999999999996,0.006359517540860944,0,,0,0,0,0,0,0,0.1,0.5,0.0,0.0,0.0,0.0,0.0,0.0,0.5,0.004934209282509983,0.004934209282510433,0.7255347148225805,0.009868418565019965,0.004934209282509983,0.25,0.125,0,0,0,0,68,27,"{""vx"":0.0,""vy"":0.0,""wz"":0.007894734852015972}","{""vx"":-0.017142856493592262,""vy"":-0.017142856493592262,""wz"":-0.023684212937951084}"
eipt_093,phase2,holdout,dwa,holdout_14,phase2:holdout_14,holdout__holdout_14__dwa__tau_y_150,tau_y_150,5,0.25000000000000006,0.001415322402054714,0,,0,0,0,0,0,0,0.0,0.0,0.0,0.0,0.15,0.3,0.0,0.0,0.3,0.13167012530716843,0.06803244220508295,0.6870673863796026,0.31527204704038514,0.07297482698164424,0.09374999999999997,0.0625,0,0,0,0,62,29,"{""vx"":0.06857142597436905,""vy"":-0.09021445363759995,""wz"":-0.07894735783338547}","{""vx"":0.06857142597436905,""vy"":-0.09021445363759995,""wz"":-0.07894735783338547}"
eipt_094,phase2,holdout,dwa,holdout_14,phase2:holdout_14,holdout__holdout_14__dwa__tau_y_150,tau_y_150,25,1.2500000000000009,0.05828208577538552,0,,0,0,0,0,0,0,0.0,0.0,0.0,0.0,0.15,0.3,0.0,0.0,0.3,0.10173378341242827,0.029156771476242238,0.3689009933504462,1.1431933190289438,0.08967303457887711,0.3125,0.5,0,0,0,0,68,29,"{""vx"":0.4386880397796631,""vy"":-0.20666193962097168,""wz"":0.07105269283056259}","{""vx"":0.4386880397796631,""vy"":-0.20666193962097168,""wz"":0.07105269283056259}"
eipt_095,phase2,holdout,dwa,holdout_15,phase2:holdout_15,holdout__holdout_15__dwa__tau_y_150,tau_y_150,5,0.25000000000000006,0.0018119397156992278,0,,0,0,0,0,0,0,0.0,0.0,0.0,0.0,0.15,0.3,0.0,0.0,0.3,0.13167012530716843,0.06803244220508295,0.7654113000169724,0.31527204704038514,0.07297482698164424,0.09375,0.0625,0,0,0,0,62,31,"{""vx"":0.06857142597436905,""vy"":-0.09021445363759995,""wz"":-0.07894735783338547}","{""vx"":0.06857142597436905,""vy"":-0.09021445363759995,""wz"":-0.07894735783338547}"
eipt_096,phase2,holdout,dwa,holdout_15,phase2:holdout_15,holdout__holdout_15__dwa__tau_y_150,tau_y_150,25,1.2500000000000009,0.0677073827983507,0,,0,0,0,0,0,0,0.0,0.0,0.0,0.0,0.15,0.3,0.0,0.0,0.3,0.09220554803624112,0.04859454051286777,0.5551614989992597,1.0193060677226975,0.16904850565190213,0.20412414523193328,2.0,0,1,0,0,69,28,"{""vx"":0.43857142329216003,""vy"":-0.08643586933612823,""wz"":0.13421052694320676}","{""vx"":0.43857142329216003,""vy"":-0.08643586933612823,""wz"":0.13421052694320676}"
eipt_097,rq1,holdout,teb,holdout_01,rq1:holdout_01,holdout__holdout_01__teb__tau_w_300,tau_w_300,206,10.299999999999825,0.7658470709799449,1,progress_stall,0,0,0,1,0,0,0.0,0.0,0.0,0.0,0.0,0.0,0.3,1.0,1.0,0.13785822064595202,0.10981609985129355,0.22750823311724014,0.34271369406918484,0.06940228880574455,0.34375,0.0625,0,0,0,0,80,27,"{""vx"":0.08300402963926491,""vy"":0.008663942075416224,""wz"":-0.23022333943761336}","{""vx"":0.12761817975817763,""vy"":-0.024885574776679204,""wz"":-0.22343154852968422}"
eipt_098,rq1,holdout,teb,holdout_03,rq1:holdout_03,holdout__holdout_03__teb__tau_x_100,tau_x_100,48,2.399999999999993,0.1852878495658527,1,planner_failure,0,1,0,0,0,0,0.0,0.0,0.1,0.33333333333333337,0.0,0.0,0.0,0.0,0.33333333333333337,0.10514494023102522,0.07443025831609643,0.282068130063377,0.8949729513445882,0.1051449527176253,0.4375,2.0,0,1,0,0,79,28,"{""vx"":0.40270897908684433,""vy"":-0.003625055921958307,""wz"":-0.0021870436895917314}","{""vx"":0.40270897908684433,""vy"":-0.003625055921958307,""wz"":-0.0021870436895917314}"
eipt_099,rq1,holdout,teb,holdout_05,rq1:holdout_05,holdout__holdout_05__teb__delay_200,delay_200,49,2.4499999999999917,0.09146027617978736,1,progress_stall,0,0,0,1,0,0,0.2,1.0,0.0,0.0,0.0,0.0,0.0,0.0,1.0,0.142607884443241,0.1978815710221713,0.31761120336798543,0.3629633145245619,0.23803833813430825,0.34375000000000006,0.0625,0,0,0,0,79,34,"{""vx"":0.16156106987708937,""vy"":0.017870561101809915,""wz"":0.012308278527874831}","{""vx"":0.13415705869227434,""vy"":-0.007375044727824131,""wz"":0.04909447836530232}"
eipt_100,rq1,holdout,teb,holdout_06,rq1:holdout_06,holdout__holdout_06__teb__tau_w_100,tau_w_100,11,0.5500000000000003,0.0086281944458907,1,progress_stall,0,0,0,1,0,0,0.0,0.0,0.0,0.0,0.0,0.0,0.1,0.33333333333333337,0.33333333333333337,0.15261338611454567,0.06967170879565825,0.769197574295557,0.3448912918515168,0.12560021667257218,0.1875,0.203125,0,0,0,0,68,33,"{""vx"":0.063443829498465,""vy"":-0.029708596681136745,""wz"":-0.2424778304677683}","{""vx"":0.05140973128800173,""vy"":-0.03895149216653397,""wz"":-0.2077720188770614}"
eipt_101,rq1,holdout,teb,holdout_07,rq1:holdout_07,holdout__holdout_07__teb__delay_100,delay_100,5,0.25000000000000006,0.0012320870729689325,1,progress_stall,0,0,0,1,0,0,0.1,0.5,0.0,0.0,0.0,0.0,0.0,0.0,0.5,0.07671889858669312,0.23422164473867224,0.5706950776548881,0.2084370949839738,0.0900506358199385,0.25,0.046875,0,0,0,0,71,32,"{""vx"":0.011547034291977062,""vy"":-0.03775912847665204,""wz"":-0.14119216519148262}","{""vx"":0.011547034291977062,""vy"":-0.03775912847665204,""wz"":-0.14119216519148262}"
eipt_102,rq1,holdout,teb,holdout_11,rq1:holdout_11,holdout__holdout_11__teb__tau_w_300,tau_w_300,5,0.25000000000000006,0.0016407525885003113,1,progress_stall,0,0,0,1,0,0,0.0,0.0,0.0,0.0,0.0,0.0,0.3,1.0,1.0,0.19005361480770944,0.17505945506828577,0.6661238029295299,0.31930302634713587,0.12707145006748827,0.25,0.796875,0,0,0,0,74,37,"{""vx"":0.013322050604006954,""vy"":-0.03822450716141195,""wz"":-0.23886470173488097}","{""vx"":0.013322050604006954,""vy"":-0.03822450716141195,""wz"":-0.23886470173488097}"
eipt_103,rq1,holdout,teb,holdout_14,rq1:holdout_14,holdout__holdout_14__teb__delay_200,delay_200,113,5.649999999999924,0.20459560682885888,1,oscillatory_reversal_vy,0,0,0,0,1,0,0.2,1.0,0.0,0.0,0.0,0.0,0.0,0.0,1.0,0.17539812038418987,0.15982845322741054,0.3357498828771975,0.8862265304145158,0.2815176457401504,0.09375,0.046875,0,0,1,0,71,26,"{""vx"":0.29021996661340344,""vy"":0.15950515217498812,""wz"":0.32176476113774555}","{""vx"":0.15096222013483016,""vy"":0.021255628687492728,""wz"":0.0446913971704557}"
eipt_104,rq1,holdout,teb,holdout_16,rq1:holdout_16,holdout__holdout_16__teb__tau_y_500,tau_y_500,158,7.899999999999876,0.5067698157855204,1,progress_stall,0,0,0,1,0,0,0.0,0.0,0.0,0.0,0.5,1.0,0.0,0.0,1.0,0.42828616114354584,0.26051630275685594,0.32803261517185156,0.6436995992191749,0.29947555455387365,0.31250000000000006,0.027063293868263706,0,0,0,0,68,27,"{""vx"":0.2635578933443416,""vy"":0.08679624567565797,""wz"":0.07929490676684733}","{""vx"":0.2913364372708146,""vy"":0.15280888303523119,""wz"":0.03189863412727729}"
eipt_105,rq1,holdout,teb,holdout_17,rq1:holdout_17,holdout__holdout_17__teb__delay_200,delay_200,164,8.19999999999987,0.5475333030147803,1,planner_failure,0,1,0,0,0,0,0.2,1.0,0.0,0.0,0.0,0.0,0.0,0.0,1.0,0.18522231978680131,0.4074871921416409,0.11460148858538055,1.2153179402448806,0.2879468470975867,0.34375,0.0625,0,0,0,0,72,25,"{""vx"":0.33094994670006433,""vy"":-0.20908013101528083,""wz"":-0.608876351761137}","{""vx"":0.35313285093163493,""vy"":-0.13395148881588193,""wz"":-0.4039276476176971}"
eipt_106,rq1,holdout,teb,holdout_18,rq1:holdout_18,holdout__holdout_18__teb__tau_w_300,tau_w_300,5,0.25000000000000006,0.0010932767841637767,1,progress_stall,0,0,0,1,0,0,0.0,0.0,0.0,0.0,0.0,0.0,0.3,1.0,1.0,0.08668749206894537,0.06929952390388754,1.411864877607793,0.2332917826233062,0.1284965843596052,0.21875,0.625,0,0,0,0,71,35,"{""vx"":0.00840082072948932,""vy"":-0.008754996510070097,""wz"":0.18495548318133492}","{""vx"":0.00840082072948932,""vy"":-0.008754996510070097,""wz"":0.18495548318133492}"
eipt_107,rq1,holdout,teb,holdout_19,rq1:holdout_19,holdout__holdout_19__teb__delay_200,delay_200,5,0.25000000000000006,0.0009053015947354089,1,progress_stall,0,0,0,1,0,0,0.2,1.0,0.0,0.0,0.0,0.0,0.0,0.0,1.0,0.07814072774790305,0.30209557272032894,1.4830221807615367,0.4966412546127674,0.3379622662478926,0.4375,0.296875,0,0,0,0,74,31,"{""vx"":0.03506401117902069,""vy"":-0.1258528113503001,""wz"":-0.2668735931344358}","{""vx"":0.03506401117902069,""vy"":-0.1258528113503001,""wz"":-0.2668735931344358}"
eipt_108,rq1,holdout,teb,holdout_20,rq1:holdout_20,holdout__holdout_20__teb__tau_y_500,tau_y_500,80,3.9999999999999587,0.2830157846649534,1,progress_stall,0,0,0,1,0,0,0.0,0.0,0.0,0.0,0.5,1.0,0.0,0.0,1.0,0.18868028614739177,0.11503188304393176,0.3633917321889912,0.9155457522931734,0.07813845399989303,0.21874999999999997,0.1875,0,0,0,0,67,31,"{""vx"":0.32610331885159605,""vy"":0.18987552232286944,""wz"":0.10958449042445591}","{""vx"":0.26255498521013243,""vy"":0.1573674339121879,""wz"":-0.04201037283448418}"
eipt_109,rq1,holdout,teb,holdout_02,rq1:holdout_02,holdout__holdout_02__teb__tau_x_300,tau_x_300,5,0.25000000000000006,0.0016020283218084806,0,,0,0,0,0,0,0,0.0,0.0,0.3,1.0,0.0,0.0,0.0,0.0,1.0,0.05865589270225479,0.048045281915221325,1.1409306773557188,0.16372628504101916,0.02768301911156655,0.5,0.765625,0,0,0,0,79,37,"{""vx"":0.07367596037713997,""vy"":-8.540795731834674e-05,""wz"":-0.0006050400183438466}","{""vx"":0.07367596037713997,""vy"":-8.540795731834674e-05,""wz"":-0.0006050400183438466}"
eipt_110,rq1,holdout,teb,holdout_04,rq1:holdout_04,holdout__holdout_04__teb__delay_100,delay_100,5,0.25000000000000006,0.0016644088204809933,0,,0,0,0,0,0,0,0.1,0.5,0.0,0.0,0.0,0.0,0.0,0.0,0.5,0.25606923191757086,0.07958820783474602,0.6553947785433707,0.3599497660534832,0.17580040143122513,0.34375,0.015625,0,0,0,0,77,32,"{""vx"":0.09387566063512912,""vy"":-0.056429564378489463,""wz"":-0.19604142416183748}","{""vx"":0.09387566063512912,""vy"":-0.056429564378489463,""wz"":-0.19604142416183748}"
eipt_111,rq1,holdout,teb,holdout_05,rq1:holdout_05,holdout__holdout_05__teb__delay_200,delay_200,5,0.25000000000000006,0.0016615294036448883,0,,0,0,0,0,0,0,0.2,1.0,0.0,0.0,0.0,0.0,0.0,0.0,1.0,0.062914066029913,0.2439632996585284,0.47554406385514086,0.6248030234843593,0.4401077258961191,0.40625000000000006,0.015625,0,0,0,0,80,28,"{""vx"":0.1295637158238876,""vy"":0.13786859439214807,""wz"":0.3122214135697671}","{""vx"":0.1295637158238876,""vy"":0.13786859439214807,""wz"":0.3122214135697671}"
eipt_112,rq1,holdout,teb,holdout_07,rq1:holdout_07,holdout__holdout_07__teb__tau_y_500,tau_y_500,5,0.25000000000000006,0.0008743499730850197,0,,0,0,0,0,0,0,0.0,0.0,0.0,0.0,0.5,1.0,0.0,0.0,1.0,0.10574749237190746,0.0667104527268487,0.5670474077938461,0.516243724793243,0.0779594873752584,0.46875000000000006,0.5,0,0,0,0,77,35,"{""vx"":0.012809143661708405,""vy"":-0.0649039354243226,""wz"":-0.38475709984923423}","{""vx"":0.012809143661708405,""vy"":-0.0649039354243226,""wz"":-0.38475709984923423}"
eipt_113,rq1,holdout,teb,holdout_08,rq1:holdout_08,holdout__holdout_08__teb__delay_100,delay_100,5,0.25000000000000006,0.0009246998163742977,0,,0,0,0,0,0,0,0.1,0.5,0.0,0.0,0.0,0.0,0.0,0.0,0.5,0.19265774128731689,0.03739842448814973,0.7152020291868832,0.3348346161291796,0.09905022633094558,0.37500000000000006,0.25,0,0,0,0,76,30,"{""vx"":0.06077428435697267,""vy"":-0.0711053200788082,""wz"":-0.18348004858668726}","{""vx"":0.06077428435697267,""vy"":-0.0711053200788082,""wz"":-0.18348004858668726}"
eipt_114,rq1,holdout,teb,holdout_09,rq1:holdout_09,holdout__holdout_09__teb__tau_x_300,tau_x_300,5,0.25000000000000006,0.0012757498008507354,0,,0,0,0,0,0,0,0.0,0.0,0.3,1.0,0.0,0.0,0.0,0.0,1.0,0.10186703607024866,0.07991660680652349,1.185893263236778,0.22006481652380339,0.05423995988998613,0.25,0.671875,0,0,0,0,74,35,"{""vx"":0.09832940254492195,""vy"":-0.0037106944346321346,""wz"":-0.019092967481280875}","{""vx"":0.09832940254492195,""vy"":-0.0037106944346321346,""wz"":-0.019092967481280875}"
eipt_115,rq1,holdout,teb,holdout_12,rq1:holdout_12,holdout__holdout_12__teb__delay_200,delay_200,5,0.25000000000000006,0.0012750732371456135,0,,0,0,0,0,0,0,0.2,1.0,0.0,0.0,0.0,0.0,0.0,0.0,1.0,0.11360338759908004,0.1870340456678701,0.7079471229951886,0.3957228965371122,0.13469080581625392,0.3125,0.125,0,0,0,0,81,31,"{""vx"":0.15885371690427239,""vy"":-0.05163963919461857,""wz"":-0.08084825832730173}","{""vx"":0.15885371690427239,""vy"":-0.05163963919461857,""wz"":-0.08084825832730173}"
eipt_116,rq1,holdout,teb,holdout_13,rq1:holdout_13,holdout__holdout_13__teb__delay_100,delay_100,5,0.25000000000000006,0.001259761550788714,0,,0,0,0,0,0,0,0.1,0.5,0.0,0.0,0.0,0.0,0.0,0.0,0.5,0.09806109595857039,0.22414150063382576,1.1610291500231378,0.2282352826276635,0.05120699064835196,0.3125,0.265625,0,0,0,0,72,35,"{""vx"":0.008813750623616945,""vy"":-0.03445657172938412,""wz"":-0.16398214174940776}","{""vx"":0.008813750623616945,""vy"":-0.03445657172938412,""wz"":-0.16398214174940776}"
eipt_117,rq1,holdout,teb,holdout_14,rq1:holdout_14,holdout__holdout_14__teb__delay_200,delay_200,5,0.25000000000000006,0.0008620290426404766,0,,0,0,0,0,0,0,0.2,1.0,0.0,0.0,0.0,0.0,0.0,0.0,1.0,0.24085817909938756,0.22857677449420702,0.7887608590711515,0.374025357943068,0.23001653312688466,0.125,0.734375,0,0,0,0,75,35,"{""vx"":0.14876106562312227,""vy"":-0.04819511019610161,""wz"":0.08634946247641752}","{""vx"":0.14876106562312227,""vy"":-0.04819511019610161,""wz"":0.08634946247641752}"
eipt_118,rq1,holdout,teb,holdout_15,rq1:holdout_15,holdout__holdout_15__teb__tau_y_300,tau_y_300,5,0.25000000000000006,0.0012091811274314362,0,,0,0,0,0,0,0,0.0,0.0,0.0,0.0,0.3,0.6,0.0,0.0,0.6,0.15580483725461539,0.10031061811689516,0.7913885159974956,0.5409396351014952,0.024180162272773604,0.40625,0.5,0,0,0,0,73,32,"{""vx"":0.024770336558251987,""vy"":-0.09764577227964615,""wz"":-0.36813167702524136}","{""vx"":0.024770336558251987,""vy"":-0.09764577227964615,""wz"":-0.36813167702524136}"
eipt_119,rq1,holdout,teb,holdout_18,rq1:holdout_18,holdout__holdout_18__teb__tau_w_100,tau_w_100,5,0.25000000000000006,0.0011939564387956924,0,,0,0,0,0,0,0,0.0,0.0,0.0,0.0,0.0,0.0,0.1,0.33333333333333337,0.33333333333333337,0.06877727219542078,0.04854106901893774,1.4149208182296074,0.43315935447235504,0.03050217124404049,0.34375000000000006,0.125,0,0,0,0,70,26,"{""vx"":0.009878245629153695,""vy"":-0.011107542980236437,""wz"":0.3451496953087542}","{""vx"":0.009878245629153695,""vy"":-0.011107542980236437,""wz"":0.3451496953087542}"
eipt_120,rq1,holdout,teb,holdout_19,rq1:holdout_19,holdout__holdout_19__teb__tau_y_300,tau_y_300,5,0.25000000000000006,0.0012379707153379468,0,,0,0,0,0,0,0,0.0,0.0,0.0,0.0,0.3,0.6,0.0,0.0,0.6,0.16875712494577577,0.09180893522479079,1.4822133694124486,0.4998587133891849,0.09746870379486401,0.40625,0.1875,0,0,0,0,79,28,"{""vx"":0.02472935209823769,""vy"":-0.09835532126897886,""wz"":-0.32777478496488327}","{""vx"":0.02472935209823769,""vy"":-0.09835532126897886,""wz"":-0.32777478496488327}"
eipt_121,rq1,holdout,tr,holdout_01,rq1:holdout_01,holdout__holdout_01__tr__tau_w_100,tau_w_100,99,4.949999999999939,0.3240450992373321,1,progress_stall,0,0,0,1,0,0,0.0,0.0,0.0,0.0,0.0,0.0,0.1,0.33333333333333337,0.33333333333333337,0.1552918762689077,0.12220649241279648,0.21878092479566796,0.238095223903656,0.0526315812021494,0.53125,0.09375,0,0,0,0,93,24,"{""vx"":0.1071428507566452,""vy"":0.0,""wz"":0.0}","{""vx"":0.1071428507566452,""vy"":0.0,""wz"":0.0}"
eipt_122,rq1,holdout,tr,holdout_02,rq1:holdout_02,holdout__holdout_02__tr__tau_w_100,tau_w_100,172,8.599999999999861,0.7489663751426175,1,oscillatory_reversal_vy,0,0,0,0,1,0,0.0,0.0,0.0,0.0,0.0,0.0,0.1,0.33333333333333337,0.33333333333333337,0.06801977108385177,0.053537620550817774,0.1785131180896562,1.043867898484226,0.10526314377784729,0.40624999999999994,2.0,0,1,0,0,73,28,"{""vx"":0.44999998807907104,""vy"":-0.05000000074505806,""wz"":0.21052631735801697}","{""vx"":0.44999998807907104,""vy"":-0.05000000074505806,""wz"":0.21052631735801697}"
eipt_123,rq1,holdout,tr,holdout_03,rq1:holdout_03,holdout__holdout_03__tr__e0,e0,30,1.500000000000001,0.09169697466800744,1,progress_stall,0,0,0,1,0,0,0.0,0.0,0.0,0.0,0.0,0.0,0.0,0.0,0.0,0.1555983443873339,1.9860273225978185e-14,0.6843079404464655,1.1193415355040344,0.1555983443873339,0.3572172541558812,0.03125,0,0,0,0,72,20,"{""vx"":0.44999998807907104,""vy"":-0.14999999105930328,""wz"":-0.21052631735801697}","{""vx"":0.44999998807907104,""vy"":-0.14999999105930328,""wz"":-0.21052631735801697}"
eipt_124,rq1,holdout,tr,holdout_06,rq1:holdout_06,holdout__holdout_06__tr__tau_x_300,tau_x_300,5,0.25000000000000006,0.0,1,progress_stall,0,0,0,1,0,0,0.0,0.0,0.3,1.0,0.0,0.0,0.0,0.0,1.0,0.11556059083876202,0.050819355071028506,0.8110765920627953,0.39454909073870115,0.09921064391691176,0.21874999999999997,0.1875,0,0,0,0,68,29,"{""vx"":0.04822313040494919,""vy"":0.0,""wz"":0.3037737905979156}","{""vx"":0.04822313040494919,""vy"":0.0,""wz"":0.3037737905979156}"
eipt_125,rq1,holdout,tr,holdout_07,rq1:holdout_07,holdout__holdout_07__tr__tau_y_300,tau_y_300,66,3.2999999999999736,0.13004960286503386,1,progress_stall,0,0,0,1,0,0,0.0,0.0,0.0,0.0,0.3,0.6,0.0,0.0,0.6,0.3069218517959531,0.12487973037628863,0.22441228344033748,0.21292935680888175,0.238095223903656,0.4375,1.103456925983067,0,0,0,0,87,30,"{""vx"":0.0,""vy"":-0.05000000074505806,""wz"":0.12631578743457791}","{""vx"":0.0,""vy"":-0.05000000074505806,""wz"":0.12631578743457791}"
eipt_126,rq1,holdout,tr,holdout_08,rq1:holdout_08,holdout__holdout_08__tr__e0,e0,119,5.949999999999918,0.3851333465024412,1,progress_stall,0,0,0,1,0,0,0.0,0.0,0.0,0.0,0.0,0.0,0.0,0.0,0.0,0.0,3.703887711561888e-14,0.29066427216670887,0.2856922868459339,0.0,0.4375,0.125,0,0,0,0,88,24,"{""vx"":0.1071428507566452,""vy"":0.0,""wz"":-0.12631578743457791}","{""vx"":0.1071428507566452,""vy"":0.0,""wz"":-0.12631578743457791}"
eipt_127,rq1,holdout,tr,holdout_10,rq1:holdout_10,holdout__holdout_10__tr__e0,e0,190,9.499999999999842,0.7167825709377206,1,oscillatory_reversal_vy,0,0,0,0,1,0,0.0,0.0,0.0,0.0,0.0,0.0,0.0,0.0,0.0,0.039872005581855774,4.652682298944613e-15,0.280466938938936,1.274075630873944,0.039872005581855774,0.40625,0.5,0,0,0,0,69,27,"{""vx"":0.44999998807907104,""vy"":0.0,""wz"":0.6315789818763733}","{""vx"":0.44999998807907104,""vy"":0.0,""wz"":0.6315789818763733}"
eipt_128,rq1,holdout,tr,holdout_12,rq1:holdout_12,holdout__holdout_12__tr__delay_050,delay_050,10,0.5000000000000002,0.009939913060160175,1,oscillatory_reversal_vy;oscillatory_reversal_wz,0,0,0,0,1,1,0.05,0.25,0.0,0.0,0.0,0.0,0.0,0.0,0.25,0.09356727202733361,0.154016556610685,0.7291637218958877,0.5816804420806433,0.1815645271766976,0.21875,2.0,0,1,0,0,68,26,"{""vx"":0.2526315748691559,""vy"":-0.05000000074505806,""wz"":-0.04210526496171952}","{""vx"":0.2526315748691559,""vy"":-0.05000000074505806,""wz"":-0.04210526496171952}"
eipt_129,rq1,holdout,tr,holdout_13,rq1:holdout_13,holdout__holdout_13__tr__tau_y_500,tau_y_500,53,2.6499999999999875,0.1621776878851787,1,progress_stall,0,0,0,1,0,0,0.0,0.0,0.0,0.0,0.5,1.0,0.0,0.0,1.0,0.1555983492237916,0.08013607321331669,0.41602458559169,1.096058484560994,0.11427845732656695,0.34375,0.125,0,0,0,0,71,24,"{""vx"":0.44999998807907104,""vy"":-0.0741700679063797,""wz"":-0.3164164423942566}","{""vx"":0.44999998807907104,""vy"":-0.0741700679063797,""wz"":-0.3164164423942566}"
eipt_130,rq1,holdout,tr,holdout_16,rq1:holdout_16,holdout__holdout_16__tr__tau_x_300,tau_x_300,59,2.949999999999981,0.09802768553396604,1,oscillatory_reversal_vy,0,0,0,0,1,0,0.0,0.0,0.3,1.0,0.0,0.0,0.0,0.0,1.0,0.18156452560603414,0.07756712644347774,0.2741678149963058,0.9165302398359091,0.15625997184886778,0.34375,0.34375,0,0,0,0,73,33,"{""vx"":0.40701034665107727,""vy"":-0.05000000074505806,""wz"":0.03157895058393479}","{""vx"":0.40701034665107727,""vy"":-0.05000000074505806,""wz"":0.03157895058393479}"
eipt_131,rq1,holdout,tr,holdout_17,rq1:holdout_17,holdout__holdout_17__tr__tau_x_300,tau_x_300,95,4.749999999999943,0.2200170646672146,1,progress_stall,0,0,0,1,0,0,0.0,0.0,0.3,1.0,0.0,0.0,0.0,0.0,1.0,0.2962962861470447,0.245628824078936,0.6047878487976781,0.3315806686847192,0.04548688729604089,0.1875,0.5,0,0,0,0,75,35,"{""vx"":0.13120798766613007,""vy"":0.0,""wz"":0.12631578743457791}","{""vx"":0.13120798766613007,""vy"":0.0,""wz"":0.12631578743457791}"
eipt_132,rq1,holdout,tr,holdout_19,rq1:holdout_19,holdout__holdout_19__tr__tau_x_100,tau_x_100,49,2.4499999999999917,0.10982851815955061,1,progress_stall,0,0,0,1,0,0,0.0,0.0,0.1,0.33333333333333337,0.0,0.0,0.0,0.0,0.33333333333333337,0.1821072770520948,0.028982357221035936,0.8929082312752167,0.2856922868459339,0.17744997963423792,0.375,0.125,0,0,0,0,87,26,"{""vx"":0.1071428507566452,""vy"":0.0,""wz"":-0.12631578743457791}","{""vx"":0.1071428507566452,""vy"":0.0,""wz"":-0.12631578743457791}"
eipt_133,rq1,holdout,tr,holdout_02,rq1:holdout_02,holdout__holdout_02__tr__delay_200,delay_200,5,0.25000000000000006,0.0005664937066663309,0,,0,0,0,0,0,0,0.2,1.0,0.0,0.0,0.0,0.0,0.0,0.0,1.0,0.10669801422814715,0.09732524410048624,1.14654494675284,0.2412417302177908,0.10669801422814715,0.0625,0.765625,0,0,0,0,67,37,"{""vx"":0.08421052992343903,""vy"":-0.05000000074505806,""wz"":-0.04210526496171952}","{""vx"":0.08421052992343903,""vy"":-0.05000000074505806,""wz"":-0.04210526496171952}"
eipt_134,rq1,holdout,tr,holdout_05,rq1:holdout_05,holdout__holdout_05__tr__delay_200,delay_200,5,0.25000000000000006,0.0005280297805057856,0,,0,0,0,0,0,0,0.2,1.0,0.0,0.0,0.0,0.0,0.0,0.0,1.0,0.15921038830930706,0.12768595462877727,0.4823083518060868,0.30931940950459974,0.15921038830930706,0.09375,0.515625,0,0,0,0,65,34,"{""vx"":0.08421052992343903,""vy"":0.08421052992343903,""wz"":0.04210526496171952}","{""vx"":0.08421052992343903,""vy"":0.08421052992343903,""wz"":0.04210526496171952}"
eipt_135,rq1,holdout,tr,holdout_06,rq1:holdout_06,holdout__holdout_06__tr__tau_x_100,tau_x_100,5,0.25000000000000006,0.0,0,,0,0,0,0,0,0,0.0,0.0,0.1,0.33333333333333337,0.0,0.0,0.0,0.0,0.33333333333333337,0.18156451616833877,0.06626779660249724,0.8070127650079206,0.47290067382529954,0.1670889069972944,0.25,0.171875,0,0,0,0,69,31,"{""vx"":0.09368228912353516,""vy"":0.04362041503190994,""wz"":0.32472744584083557}","{""vx"":0.09368228912353516,""vy"":0.04362041503190994,""wz"":0.32472744584083557}"
eipt_136,rq1,holdout,tr,holdout_07,rq1:holdout_07,holdout__holdout_07__tr__delay_200,delay_200,5,0.25000000000000006,0.0002865980490321651,0,,0,0,0,0,0,0,0.2,1.0,0.0,0.0,0.0,0.0,0.0,0.0,1.0,0.1045371438301937,0.0890497849076093,0.5716835638235147,0.22349320935985453,0.1045371438301937,0.21875000000000003,0.765625,0,0,0,0,69,37,"{""vx"":0.05182863026857376,""vy"":-0.05182863026857376,""wz"":-0.09717868268489838}","{""vx"":0.05182863026857376,""vy"":-0.05182863026857376,""wz"":-0.09717868268489838}"
eipt_137,rq1,holdout,tr,holdout_09,rq1:holdout_09,holdout__holdout_09__tr__delay_200,delay_200,5,0.25000000000000006,0.00040888246434869053,0,,0,0,0,0,0,0,0.2,1.0,0.0,0.0,0.0,0.0,0.0,0.0,1.0,0.10669801422814715,0.09732524410048624,1.1863033448604121,0.2412417302177908,0.10669801422814715,0.0625,0.765625,0,0,0,0,67,37,"{""vx"":0.08421052992343903,""vy"":-0.05000000074505806,""wz"":-0.04210526496171952}","{""vx"":0.08421052992343903,""vy"":-0.05000000074505806,""wz"":-0.04210526496171952}"
eipt_138,rq1,holdout,tr,holdout_10,rq1:holdout_10,holdout__holdout_10__tr__delay_200,delay_200,5,0.25000000000000006,0.0004905038594054324,0,,0,0,0,0,0,0,0.2,1.0,0.0,0.0,0.0,0.0,0.0,0.0,1.0,0.10669801422814715,0.09732524410048624,0.555485095775622,0.2412417302177908,0.10669801422814715,0.0625,0.765625,0,0,0,0,67,37,"{""vx"":0.08421052992343903,""vy"":-0.05000000074505806,""wz"":-0.04210526496171952}","{""vx"":0.08421052992343903,""vy"":-0.05000000074505806,""wz"":-0.04210526496171952}"
eipt_139,rq1,holdout,tr,holdout_11,rq1:holdout_11,holdout__holdout_11__tr__delay_100,delay_100,5,0.25000000000000006,0.0007395001823820713,0,,0,0,0,0,0,0,0.1,0.5,0.0,0.0,0.0,0.0,0.0,0.0,0.5,0.1326817704222347,0.011692218311199081,0.6654232650780817,0.2516378359518955,0.013725704892574882,0.21875000000000003,0.265625,0,0,0,0,69,31,"{""vx"":0.05835543945431709,""vy"":-0.05835543945431709,""wz"":-0.10941644757986069}","{""vx"":0.05835543945431709,""vy"":-0.05835543945431709,""wz"":-0.10941644757986069}"
eipt_140,rq1,holdout,tr,holdout_12,rq1:holdout_12,holdout__holdout_12__tr__tau_x_300,tau_x_300,5,0.25000000000000006,0.0009615567007589837,0,,0,0,0,0,0,0,0.0,0.0,0.3,1.0,0.0,0.0,0.0,0.0,1.0,0.18156452199252213,0.07756695950311572,0.713079964723832,0.24658036744307138,0.15625996483974836,0.21875,0.109375,0,0,0,0,71,27,"{""vx"":0.07354345917701721,""vy"":-0.005741628352552652,""wz"":-0.14712917804718018}","{""vx"":0.07354345917701721,""vy"":-0.005741628352552652,""wz"":-0.14712917804718018}"
eipt_141,rq1,holdout,tr,holdout_13,rq1:holdout_13,holdout__holdout_13__tr__delay_200,delay_200,95,4.749999999999943,0.21929195190150008,0,,0,0,0,0,0,0,0.2,1.0,0.0,0.0,0.0,0.0,0.0,0.0,1.0,0.18156453422897528,0.2290194971568319,0.22566571588678078,0.7573589643907767,0.29629627863566077,0.34375,0.3125,0,0,0,0,72,30,"{""vx"":0.28659147024154663,""vy"":0.1342105269432068,""wz"":0.11578947305679321}","{""vx"":0.28659147024154663,""vy"":0.1342105269432068,""wz"":0.11578947305679321}"
eipt_142,rq1,holdout,tr,holdout_16,rq1:holdout_16,holdout__holdout_16__tr__tau_x_300,tau_x_300,5,0.25000000000000006,0.0008932753299423877,0,,0,0,0,0,0,0,0.0,0.0,0.3,1.0,0.0,0.0,0.0,0.0,1.0,0.18156452199252213,0.07756695950311572,0.7298470012145417,0.24658036744307138,0.15625996483974836,0.21875,0.109375,0,0,0,0,71,27,"{""vx"":0.07354345917701721,""vy"":-0.005741628352552652,""wz"":-0.14712917804718018}","{""vx"":0.07354345917701721,""vy"":-0.005741628352552652,""wz"":-0.14712917804718018}"
eipt_143,rq1,holdout,tr,holdout_18,rq1:holdout_18,holdout__holdout_18__tr__e0,e0,5,0.25000000000000006,0.0,0,,0,0,0,0,0,0,0.0,0.0,0.0,0.0,0.0,0.0,0.0,0.0,0.0,0.13599261999517273,8.881784197001252e-15,1.3947350750755751,0.7533665743711513,0.13599261999517273,0.3125,0.21875,0,0,0,0,71,20,"{""vx"":0.19183598458766937,""vy"":0.14999999105930328,""wz"":0.3596924841403961}","{""vx"":0.19183598458766937,""vy"":0.14999999105930328,""wz"":0.3596924841403961}"
eipt_144,rq1,holdout,tr,holdout_18,rq1:holdout_18,holdout__holdout_18__tr__tau_x_100,tau_x_100,5,0.25000000000000006,0.0,0,,0,0,0,0,0,0,0.0,0.0,0.1,0.33333333333333337,0.0,0.0,0.0,0.0,0.33333333333333337,0.10453714915834544,0.038153984517385504,1.4089088553813698,0.6490519162238854,0.08971862805402984,0.21875,0.125,0,0,0,0,68,30,"{""vx"":0.0977904424071312,""vy"":0.12575756013393402,""wz"":0.39593300223350525}","{""vx"":0.0977904424071312,""vy"":0.12575756013393402,""wz"":0.39593300223350525}"
